1000.00,AA,DEM,2003
4000.00,AA,DEM,2004
250.00,AA,DEM,2006
250.00,AA,DEM,2008
4765.00,AA,DEM,2015
23672.00,AA,DEM,2016
22635.00,AA,DEM,2017
250.00,AA,IND,2016
1000.00,AA,REP,2008
258.00,AA,REP,2015
6075.00,AA,REP,2016
2950.00,AE,DEM,2003
17000.00,AE,DEM,2004
5090.00,AE,DEM,2008
4150.00,AE,DEM,2012
250.00,AE,DEM,2013
8644.00,AE,DEM,2015
67153.00,AE,DEM,2016
6384.00,AE,DEM,2017
1530.00,AE,IND,2016
1000.00,AE,REP,2006
2850.00,AE,REP,2008
10127.00,AE,REP,2012
500.00,AE,REP,2013
750.00,AE,REP,2014
5417.00,AE,REP,2015
22298.00,AE,REP,2016
2900.00,AK,CST,2005
62.00,AK,DEM,2000
60286.00,AK,DEM,2003
200913.00,AK,DEM,2004
36000.00,AK,DEM,2005
149219.00,AK,DEM,2006
318892.00,AK,DEM,2007
1476017.00,AK,DEM,2008
123316.00,AK,DEM,2009
501445.00,AK,DEM,2010
279865.00,AK,DEM,2011
923678.00,AK,DEM,2012
341745.00,AK,DEM,2013
777321.00,AK,DEM,2014
110818.00,AK,DEM,2015
922224.00,AK,DEM,2016
49175.00,AK,DEM,2017
1000.00,AK,DFL,2006
250.00,AK,DFL,2009
1000.00,AK,DFL,2010
1500.00,AK,DFL,2012
1600.00,AK,DFL,2013
1150.00,AK,DFL,2014
12.00,AK,DFL,2016
1000.00,AK,DFL,2017
1000.00,AK,GRE,2012
4700.00,AK,IND,2005
900.00,AK,IND,2006
500.00,AK,IND,2010
450.00,AK,IND,2011
1350.00,AK,IND,2012
1850.00,AK,IND,2015
246070.00,AK,IND,2016
1000.00,AK,IND,2017
3700.00,AK,LIB,2004
700.00,AK,LIB,2006
2000.00,AK,LIB,2007
750.00,AK,LIB,2008
1000.00,AK,LIB,2011
3250.00,AK,LIB,2012
4450.00,AK,LIB,2016
3750.00,AK,OTH,2004
600.00,AK,OTH,2010
10.00,AK,OTH,2012
140252.00,AK,REP,2003
137750.00,AK,REP,2004
193195.00,AK,REP,2005
472801.00,AK,REP,2006
631439.00,AK,REP,2007
1098726.00,AK,REP,2008
258776.00,AK,REP,2009
1383840.00,AK,REP,2010
240867.00,AK,REP,2011
728974.00,AK,REP,2012
617300.00,AK,REP,2013
1248477.00,AK,REP,2014
488675.00,AK,REP,2015
659247.00,AK,REP,2016
86060.00,AK,REP,2017
500.00,AK,UNK,2004
7361.00,AK,UNK,2016
3400.00,AL,CST,2008
1250.00,AL,DEM,2002
634851.00,AL,DEM,2003
1227891.00,AL,DEM,2004
465938.00,AL,DEM,2005
755130.00,AL,DEM,2006
1917144.00,AL,DEM,2007
3159500.00,AL,DEM,2008
1458646.00,AL,DEM,2009
1830888.00,AL,DEM,2010
689087.00,AL,DEM,2011
1007327.00,AL,DEM,2012
361599.00,AL,DEM,2013
460052.00,AL,DEM,2014
442079.00,AL,DEM,2015
683132.00,AL,DEM,2016
238667.00,AL,DEM,2017
1000.00,AL,DFL,2007
1250.00,AL,DFL,2008
2000.00,AL,DFL,2010
250.00,AL,DFL,2012
250.00,AL,DFL,2013
1876.00,AL,DFL,2014
289.00,AL,DFL,2016
50.00,AL,DFL,2017
5000.00,AL,GOP,2017
250.00,AL,GRE,2008
2250.00,AL,GRE,2012
2253.00,AL,IND,2004
850.00,AL,IND,2005
1400.00,AL,IND,2006
2291.00,AL,IND,2007
280.00,AL,IND,2008
550.00,AL,IND,2010
1250.00,AL,IND,2011
5650.00,AL,IND,2012
19524.00,AL,IND,2014
1675.00,AL,IND,2015
1929.00,AL,IND,2016
100.00,AL,IND,2017
5614.00,AL,LIB,2004
5150.00,AL,LIB,2006
1950.00,AL,LIB,2007
12170.00,AL,LIB,2008
500.00,AL,LIB,2009
500.00,AL,LIB,2011
6750.00,AL,LIB,2012
1000.00,AL,LIB,2014
500.00,AL,LIB,2015
4451.00,AL,LIB,2016
100.00,AL,NNE,2012
1200.00,AL,OTH,2004
500.00,AL,REP,2000
1251317.00,AL,REP,2003
1770583.00,AL,REP,2004
1274279.00,AL,REP,2005
1867136.00,AL,REP,2006
3080569.00,AL,REP,2007
4254528.00,AL,REP,2008
3323758.00,AL,REP,2009
3155624.00,AL,REP,2010
2204430.00,AL,REP,2011
4873912.00,AL,REP,2012
3310303.00,AL,REP,2013
5113827.00,AL,REP,2014
4378118.00,AL,REP,2015
3245750.00,AL,REP,2016
2893157.00,AL,REP,2017
3992.00,AL,UNK,2004
10700.00,AL,UNK,2009
12110.00,AL,UNK,2010
500.00,AL,UNK,2013
1650.00,AL,UNK,2015
1750.00,AL,UNK,2016
4000.00,AP,DEM,2003
10754.00,AP,DEM,2004
250.00,AP,DEM,2006
1250.00,AP,DEM,2008
500.00,AP,DEM,2012
10061.00,AP,DEM,2015
36235.00,AP,DEM,2016
2842.00,AP,DEM,2017
62.00,AP,DFL,2016
375.00,AP,IND,2016
500.00,AP,IND,2017
500.00,AP,REP,2006
1000.00,AP,REP,2007
5924.00,AP,REP,2015
9243.00,AP,REP,2016
300.00,AP,REP,2017
750.00,AP,UNK,2015
250.00,AR,CST,2008
1000.00,AR,DEM,2001
925266.00,AR,DEM,2003
1383563.00,AR,DEM,2004
325870.00,AR,DEM,2005
1227210.00,AR,DEM,2006
2593286.00,AR,DEM,2007
2089830.00,AR,DEM,2008
2917483.00,AR,DEM,2009
5086954.00,AR,DEM,2010
462052.00,AR,DEM,2011
1275873.00,AR,DEM,2012
1983128.00,AR,DEM,2013
2908934.00,AR,DEM,2014
733325.00,AR,DEM,2015
1442117.00,AR,DEM,2016
148019.00,AR,DEM,2017
2000.00,AR,DFL,2005
2100.00,AR,DFL,2006
3800.00,AR,DFL,2007
7250.00,AR,DFL,2008
1000.00,AR,DFL,2009
3950.00,AR,DFL,2010
250.00,AR,DFL,2012
7350.00,AR,DFL,2013
3650.00,AR,DFL,2014
300.00,AR,DFL,2015
3650.00,AR,DFL,2016
200.00,AR,GRE,2005
6710.00,AR,GRE,2007
6135.00,AR,GRE,2008
750.00,AR,GRE,2010
250.00,AR,GRE,2012
50.00,AR,GRE,2017
300.00,AR,IND,2006
450.00,AR,IND,2009
20525.00,AR,IND,2010
425.00,AR,IND,2011
1925.00,AR,IND,2012
12100.00,AR,IND,2014
500.00,AR,IND,2015
1925.00,AR,IND,2016
250.00,AR,IND,2017
2700.00,AR,LIB,2004
500.00,AR,LIB,2005
4250.00,AR,LIB,2006
250.00,AR,LIB,2007
1457.00,AR,LIB,2008
250.00,AR,LIB,2011
1750.00,AR,LIB,2012
250.00,AR,LIB,2016
250.00,AR,NNE,2013
563.00,AR,NNE,2014
220.00,AR,OTH,2004
100.00,AR,OTH,2012
1500.00,AR,OTH,2015
286687.00,AR,REP,2003
617901.00,AR,REP,2004
264533.00,AR,REP,2005
396905.00,AR,REP,2006
1145782.00,AR,REP,2007
666194.00,AR,REP,2008
1686758.00,AR,REP,2009
4596195.00,AR,REP,2010
1767586.00,AR,REP,2011
3624585.00,AR,REP,2012
3572692.00,AR,REP,2013
5105950.00,AR,REP,2014
2681724.00,AR,REP,2015
3084639.00,AR,REP,2016
458797.00,AR,REP,2017
8100.00,AR,UNK,2016
2700.00,AR,UNK,2017
200.00,AS,DEM,2003
3750.00,AS,DEM,2004
500.00,AS,DEM,2008
3200.00,AS,DEM,2011
3450.00,AS,DEM,2012
500.00,AS,DEM,2013
12050.00,AS,DEM,2014
450.00,AS,DEM,2015
9625.00,AS,DEM,2016
2350.00,AS,IND,2008
6200.00,AS,IND,2012
10.00,AS,NNE,2012
1800.00,AS,REP,2002
300.00,AS,REP,2006
1250.00,AS,REP,2010
500.00,AS,REP,2012
3050.00,AS,REP,2015
1175.00,AS,REP,2016
3850.00,AS,UNK,2014
275.00,AU,REP,2015
37.00,AU,REP,2016
669.00,AZ,,2007
27298.00,AZ,,2008
250.00,AZ,CON,2016
3550.00,AZ,CST,2008
135.00,AZ,DEM,2000
706256.00,AZ,DEM,2003
2284733.00,AZ,DEM,2004
1784045.00,AZ,DEM,2005
15150568.00,AZ,DEM,2006
4263271.00,AZ,DEM,2007
7670924.00,AZ,DEM,2008
2023746.00,AZ,DEM,2009
3771578.00,AZ,DEM,2010
2300645.00,AZ,DEM,2011
8140775.00,AZ,DEM,2012
1715797.00,AZ,DEM,2013
3043132.00,AZ,DEM,2014
2397007.00,AZ,DEM,2015
5934649.00,AZ,DEM,2016
1034758.00,AZ,DEM,2017
20.00,AZ,DEM,2106
5800.00,AZ,DFL,2006
2200.00,AZ,DFL,2007
7400.00,AZ,DFL,2008
5950.00,AZ,DFL,2009
3050.00,AZ,DFL,2010
1250.00,AZ,DFL,2011
12602.00,AZ,DFL,2012
50810.00,AZ,DFL,2013
12389.00,AZ,DFL,2014
10325.00,AZ,DFL,2015
19570.00,AZ,DFL,2016
14725.00,AZ,DFL,2017
4000.00,AZ,GRE,2005
2100.00,AZ,GRE,2006
4450.00,AZ,GRE,2008
7100.00,AZ,GRE,2010
4500.00,AZ,GRE,2012
1200.00,AZ,GRE,2015
1500.00,AZ,IND,2005
7815.00,AZ,IND,2006
22600.00,AZ,IND,2007
7700.00,AZ,IND,2008
1000.00,AZ,IND,2009
18184.00,AZ,IND,2010
44730.00,AZ,IND,2011
49676.00,AZ,IND,2012
1000.00,AZ,IND,2013
7800.00,AZ,IND,2014
3670.00,AZ,IND,2015
49071.00,AZ,IND,2016
2206.00,AZ,IND,2017
9450.00,AZ,LIB,2004
1000.00,AZ,LIB,2005
17729.00,AZ,LIB,2006
974.00,AZ,LIB,2007
15276.00,AZ,LIB,2008
10.00,AZ,LIB,2010
8550.00,AZ,LIB,2011
23449.00,AZ,LIB,2012
500.00,AZ,LIB,2016
4300.00,AZ,NNE,2012
3400.00,AZ,NNE,2013
683.00,AZ,NNE,2014
2000.00,AZ,NPA,2004
1000.00,AZ,OTH,2004
500.00,AZ,OTH,2010
320.00,AZ,OTH,2011
500.00,AZ,OTH,2012
5200.00,AZ,OTH,2013
500.00,AZ,OTH,2014
5200.00,AZ,OTH,2015
1200.00,AZ,OTH,2016
766215.00,AZ,REP,2003
2107859.00,AZ,REP,2004
3208948.00,AZ,REP,2005
7932613.00,AZ,REP,2006
4194967.00,AZ,REP,2007
3867414.00,AZ,REP,2008
1444800.00,AZ,REP,2009
8551401.00,AZ,REP,2010
6419824.00,AZ,REP,2011
13233055.00,AZ,REP,2012
8637161.00,AZ,REP,2013
4090192.00,AZ,REP,2014
5171873.00,AZ,REP,2015
5892610.00,AZ,REP,2016
1988988.00,AZ,REP,2017
4075.00,AZ,UNK,2004
1000.00,AZ,UNK,2010
1450.00,AZ,UNK,2015
358310.00,AZ,UNK,2016
107227.00,AZ,UNK,2017
750.00,BA,DEM,2003
500.00,BC,DEM,2003
500.00,BC,DEM,2004
50.00,BC,DEM,2015
635.00,BC,REP,2015
28.00,BC,REP,2016
300.00,BE,DEM,2006
250.00,BL,DEM,2003
750.00,BR,DEM,2004
600.00,BR,REP,2015
250.00,BR,REP,2016
2000.00,BX,DEM,2004
315.00,CA,,2009
700.00,CA,,2011
149978.00,CA,,2012
6000.00,CA,AIP,2010
750.00,CA,CON,2016
5850.00,CA,CST,2005
13500.00,CA,CST,2008
1596.00,CA,DEM,2000
1000.00,CA,DEM,2001
2700.00,CA,DEM,2002
15462743.00,CA,DEM,2003
35898991.00,CA,DEM,2004
10119128.00,CA,DEM,2005
23465841.00,CA,DEM,2006
60677143.00,CA,DEM,2007
91563811.00,CA,DEM,2008
21917757.00,CA,DEM,2009
29585020.00,CA,DEM,2010
31614859.00,CA,DEM,2011
66602196.00,CA,DEM,2012
22208299.00,CA,DEM,2013
32934678.00,CA,DEM,2014
34922199.00,CA,DEM,2015
62047772.00,CA,DEM,2016
22539575.00,CA,DEM,2017
500.00,CA,DEM,2018
500.00,CA,DEM,2019
240.00,CA,DEM,2020
2300.00,CA,DFL,2005
71248.00,CA,DFL,2006
76270.00,CA,DFL,2007
322166.00,CA,DFL,2008
71150.00,CA,DFL,2009
222911.00,CA,DFL,2010
154700.00,CA,DFL,2011
230819.00,CA,DFL,2012
319459.00,CA,DFL,2013
462816.00,CA,DFL,2014
121310.00,CA,DFL,2015
218248.00,CA,DFL,2016
80310.00,CA,DFL,2017
466.00,CA,GRE,2003
3650.00,CA,GRE,2004
10000.00,CA,GRE,2005
41575.00,CA,GRE,2006
11880.00,CA,GRE,2007
34604.00,CA,GRE,2008
8088.00,CA,GRE,2010
1950.00,CA,GRE,2011
54754.00,CA,GRE,2012
419670.00,CA,GRE,2013
9050.00,CA,GRE,2015
6000.00,CA,GRE,2016
5327.00,CA,GRE,2017
3700.00,CA,IND,2004
69000.00,CA,IND,2005
222668.00,CA,IND,2006
1500.00,CA,IND,2007
16150.00,CA,IND,2008
61206.00,CA,IND,2009
94896.00,CA,IND,2010
181536.00,CA,IND,2011
666891.00,CA,IND,2012
13220.00,CA,IND,2013
309067.00,CA,IND,2014
85065.00,CA,IND,2015
149811.00,CA,IND,2016
178584.00,CA,IND,2017
10450.00,CA,LIB,2003
138998.00,CA,LIB,2004
8481.00,CA,LIB,2005
56408.00,CA,LIB,2006
45949.00,CA,LIB,2007
91437.00,CA,LIB,2008
1000.00,CA,LIB,2009
10150.00,CA,LIB,2010
70865.00,CA,LIB,2011
123979.00,CA,LIB,2012
3900.00,CA,LIB,2014
20869.00,CA,LIB,2016
3700.00,CA,LIB,2017
1250.00,CA,N/A,2008
3000.00,CA,NNE,2008
2424.00,CA,NNE,2010
34276.00,CA,NNE,2012
118201.00,CA,NNE,2013
465433.00,CA,NNE,2014
2000.00,CA,NNE,2015
4000.00,CA,NPA,2004
500.00,CA,NPA,2006
1000.00,CA,NPA,2010
1250.00,CA,NPA,2011
32483.00,CA,NPA,2012
1535.00,CA,NPA,2016
26967.00,CA,NPA,2017
500.00,CA,OTH,2003
55520.00,CA,OTH,2004
250.00,CA,OTH,2006
250.00,CA,OTH,2010
237.00,CA,OTH,2011
61145.00,CA,OTH,2012
6050.00,CA,OTH,2014
71176.00,CA,OTH,2015
72181.00,CA,OTH,2016
6050.00,CA,PAF,2006
2700.00,CA,REP,1015
3050.00,CA,REP,2000
1500.00,CA,REP,2002
4135649.00,CA,REP,2003
8239636.00,CA,REP,2004
6938117.00,CA,REP,2005
13354145.00,CA,REP,2006
16613426.00,CA,REP,2007
13779072.00,CA,REP,2008
9600633.00,CA,REP,2009
34220573.00,CA,REP,2010
23539779.00,CA,REP,2011
41618545.00,CA,REP,2012
11213514.00,CA,REP,2013
20498610.00,CA,REP,2014
29674896.00,CA,REP,2015
28726398.00,CA,REP,2016
5255001.00,CA,REP,2017
1000.00,CA,REP,2916
2000.00,CA,UNI,2006
13166.00,CA,UNK,2004
500.00,CA,UNK,2006
500.00,CA,UNK,2007
12425.00,CA,UNK,2008
2500.00,CA,UNK,2010
2853.00,CA,UNK,2011
55638.00,CA,UNK,2012
217.00,CA,UNK,2013
13000.00,CA,UNK,2014
64268.00,CA,UNK,2015
28400.00,CA,UNK,2016
1500.00,CA,UNK,2017
17390.00,CA,W,2010
5430.00,CA,W,2011
14720.00,CA,W,2012
5000.00,CH,DEM,2004
1386.00,CN,DEM,2003
1000.00,CN,DEM,2004
500.00,CO,CON,2016
3299.00,CO,CST,2008
2000.00,CO,DEM,2002
991528.00,CO,DEM,2003
4001718.00,CO,DEM,2004
2103549.00,CO,DEM,2005
4769034.00,CO,DEM,2006
7988711.00,CO,DEM,2007
14348567.00,CO,DEM,2008
4202637.00,CO,DEM,2009
5719192.00,CO,DEM,2010
3223954.00,CO,DEM,2011
9122060.00,CO,DEM,2012
5321841.00,CO,DEM,2013
8337412.00,CO,DEM,2014
4310486.00,CO,DEM,2015
8806178.00,CO,DEM,2016
1904376.00,CO,DEM,2017
1750.00,CO,DEM,2020
6250.00,CO,DFL,2006
3800.00,CO,DFL,2007
22550.00,CO,DFL,2008
3900.00,CO,DFL,2009
13650.00,CO,DFL,2010
4700.00,CO,DFL,2011
9990.00,CO,DFL,2012
13810.00,CO,DFL,2013
57931.00,CO,DFL,2014
10275.00,CO,DFL,2015
13948.00,CO,DFL,2016
6100.00,CO,DFL,2017
500.00,CO,GRE,2006
4650.00,CO,GRE,2008
2000.00,CO,GRE,2011
11384.00,CO,GRE,2012
5552.00,CO,GRE,2016
1250.00,CO,IND,2005
10275.00,CO,IND,2006
4444.00,CO,IND,2007
10650.00,CO,IND,2008
200.00,CO,IND,2009
32958.00,CO,IND,2010
11200.00,CO,IND,2011
18900.00,CO,IND,2012
1750.00,CO,IND,2013
82886.00,CO,IND,2014
3020.00,CO,IND,2015
15453.00,CO,IND,2016
5355.00,CO,IND,2017
19464.00,CO,LIB,2004
1000.00,CO,LIB,2005
5550.00,CO,LIB,2006
3300.00,CO,LIB,2007
28040.00,CO,LIB,2008
3600.00,CO,LIB,2009
22265.00,CO,LIB,2010
27170.00,CO,LIB,2011
32980.00,CO,LIB,2012
6856.00,CO,LIB,2016
500.00,CO,NNE,2010
7650.00,CO,NNE,2011
46418.00,CO,NNE,2012
5700.00,CO,NNE,2013
25900.00,CO,NNE,2014
1150.00,CO,OTH,2004
5913.00,CO,OTH,2007
50.00,CO,OTH,2011
2800.00,CO,OTH,2012
90900.00,CO,OTH,2015
17000.00,CO,OTH,2016
500.00,CO,PNP,2016
31780.00,CO,REF,2006
1097766.00,CO,REP,2003
2088268.00,CO,REP,2004
1711966.00,CO,REP,2005
3557299.00,CO,REP,2006
3509893.00,CO,REP,2007
4651885.00,CO,REP,2008
4044602.00,CO,REP,2009
9479406.00,CO,REP,2010
3373938.00,CO,REP,2011
8833057.00,CO,REP,2012
2746716.00,CO,REP,2013
7639286.00,CO,REP,2014
3920387.00,CO,REP,2015
8141649.00,CO,REP,2016
813299.00,CO,REP,2017
2348.00,CO,UNK,2004
1000.00,CO,UNK,2008
3125.00,CO,UNK,2011
6375.00,CO,UNK,2012
4565.00,CO,UNK,2014
7705.00,CO,UNK,2015
17600.00,CO,UNK,2016
5400.00,CO,UNK,2017
500.00,CO,W,2011
95.00,CT,DEM,2000
1466919.00,CT,DEM,2003
3818901.00,CT,DEM,2004
1997822.00,CT,DEM,2005
21495095.00,CT,DEM,2006
9353658.00,CT,DEM,2007
11770741.00,CT,DEM,2008
3943447.00,CT,DEM,2009
8073031.00,CT,DEM,2010
7319507.00,CT,DEM,2011
10992497.00,CT,DEM,2012
3112256.00,CT,DEM,2013
3767508.00,CT,DEM,2014
3246674.00,CT,DEM,2015
5297710.00,CT,DEM,2016
3410723.00,CT,DEM,2017
12150.00,CT,DFL,2006
3550.00,CT,DFL,2007
17750.00,CT,DFL,2008
500.00,CT,DFL,2009
21725.00,CT,DFL,2010
13000.00,CT,DFL,2011
13125.00,CT,DFL,2012
17770.00,CT,DFL,2013
39578.00,CT,DFL,2014
22650.00,CT,DFL,2015
26501.00,CT,DFL,2016
4490.00,CT,DFL,2017
1674.00,CT,GRE,2005
3350.00,CT,GRE,2006
500.00,CT,GRE,2007
2902.00,CT,GRE,2008
5800.00,CT,GRE,2010
5450.00,CT,GRE,2012
500.00,CT,GRE,2013
3270.00,CT,IND,2004
8700.00,CT,IND,2005
28491.00,CT,IND,2006
200.00,CT,IND,2009
22896.00,CT,IND,2010
15825.00,CT,IND,2011
47451.00,CT,IND,2012
650.00,CT,IND,2013
49948.00,CT,IND,2014
16225.00,CT,IND,2015
9614.00,CT,IND,2016
4158.00,CT,IND,2017
1000.00,CT,LIB,2003
1950.00,CT,LIB,2004
24519.00,CT,LIB,2006
5100.00,CT,LIB,2007
4700.00,CT,LIB,2008
10900.00,CT,LIB,2010
2500.00,CT,LIB,2011
12300.00,CT,LIB,2012
1500.00,CT,LIB,2014
470.00,CT,LIB,2016
250.00,CT,NNE,2013
7700.00,CT,NNE,2014
242.00,CT,NNE,2016
200.00,CT,OTH,2003
2250.00,CT,OTH,2004
850.00,CT,OTH,2012
16250.00,CT,OTH,2015
1250.00,CT,OTH,2016
500.00,CT,Rep,2004
2250.00,CT,REP,2000
870982.00,CT,REP,2003
2499373.00,CT,REP,2004
1897757.00,CT,REP,2005
3571748.00,CT,REP,2006
3520397.00,CT,REP,2007
3515387.00,CT,REP,2008
4013953.00,CT,REP,2009
58976104.00,CT,REP,2010
7248893.00,CT,REP,2011
24367515.00,CT,REP,2012
1487866.00,CT,REP,2013
3052719.00,CT,REP,2014
4422361.00,CT,REP,2015
3489213.00,CT,REP,2016
618418.00,CT,REP,2017
1500.00,CT,UNK,2008
500.00,CT,UNK,2012
3600.00,CT,UNK,2014
6059.00,CT,UNK,2015
2500.00,CT,UNK,2016
2000.00,CT,UNK,2017
4510.00,CT,W,2010
1338.00,CT,W,2011
2000.00,CT,W,2012
1500.00,CT,WFP,2012
2500.00,CT,WFP,2016
1000.00,D.,REP,2004
600.00,DC,DEM,2000
2500.00,DC,DEM,2002
3232099.00,DC,DEM,2003
7901889.00,DC,DEM,2004
3603101.00,DC,DEM,2005
6735362.00,DC,DEM,2006
15424640.00,DC,DEM,2007
18071375.00,DC,DEM,2008
7921474.00,DC,DEM,2009
8927434.00,DC,DEM,2010
8575818.00,DC,DEM,2011
14807871.00,DC,DEM,2012
6648163.00,DC,DEM,2013
8084899.00,DC,DEM,2014
8678912.00,DC,DEM,2015
9772095.00,DC,DEM,2016
4308103.00,DC,DEM,2017
4050.00,DC,DFL,2003
1900.00,DC,DFL,2004
1500.00,DC,DFL,2005
47605.00,DC,DFL,2006
24391.00,DC,DFL,2007
60795.00,DC,DFL,2008
22383.00,DC,DFL,2009
32193.00,DC,DFL,2010
51115.00,DC,DFL,2011
52495.00,DC,DFL,2012
67083.00,DC,DFL,2013
78285.00,DC,DFL,2014
28317.00,DC,DFL,2015
24234.00,DC,DFL,2016
8756.00,DC,DFL,2017
1738.00,DC,GRE,2006
5850.00,DC,GRE,2008
4270.00,DC,GRE,2012
1750.00,DC,GRE,2015
1525.00,DC,GRE,2016
200.00,DC,IND,2004
4350.00,DC,IND,2005
46700.00,DC,IND,2006
1000.00,DC,IND,2008
5300.00,DC,IND,2009
11100.00,DC,IND,2010
9450.00,DC,IND,2011
78794.00,DC,IND,2012
8078.00,DC,IND,2013
30025.00,DC,IND,2014
3550.00,DC,IND,2015
22819.00,DC,IND,2016
32412.00,DC,IND,2017
2300.00,DC,LIB,2004
1950.00,DC,LIB,2006
2200.00,DC,LIB,2007
5400.00,DC,LIB,2008
5250.00,DC,LIB,2011
7300.00,DC,LIB,2012
1250.00,DC,LIB,2014
300.00,DC,N/A,2008
250.00,DC,NNE,2012
1000.00,DC,NNE,2013
2250.00,DC,NNE,2014
250.00,DC,OTH,2003
3395.00,DC,OTH,2004
5700.00,DC,OTH,2012
19605.00,DC,OTH,2015
24438.00,DC,OTH,2016
2700.00,DC,PNP,2015
27982.00,DC,PNP,2016
250.00,DC,REP,2000
1540942.00,DC,REP,2003
2039547.00,DC,REP,2004
2410040.00,DC,REP,2005
3041077.00,DC,REP,2006
3014034.00,DC,REP,2007
2483012.00,DC,REP,2008
2259663.00,DC,REP,2009
3219627.00,DC,REP,2010
3740919.00,DC,REP,2011
4105129.00,DC,REP,2012
3060132.00,DC,REP,2013
3736029.00,DC,REP,2014
5007849.00,DC,REP,2015
4333660.00,DC,REP,2016
1873284.00,DC,REP,2017
3000.00,DC,UNK,2004
1100.00,DC,UNK,2009
1740.00,DC,UNK,2010
3850.00,DC,UNK,2014
7130.00,DC,UNK,2015
2000.00,DC,UNK,2017
500.00,DC,W,2010
71476.00,DE,DEM,2003
269207.00,DE,DEM,2004
179986.00,DE,DEM,2005
470061.00,DE,DEM,2006
339690.00,DE,DEM,2007
925731.00,DE,DEM,2008
577195.00,DE,DEM,2009
1709946.00,DE,DEM,2010
696032.00,DE,DEM,2011
1103268.00,DE,DEM,2012
764981.00,DE,DEM,2013
748388.00,DE,DEM,2014
562613.00,DE,DEM,2015
1125048.00,DE,DEM,2016
211666.00,DE,DEM,2017
750.00,DE,DFL,2008
750.00,DE,DFL,2010
1800.00,DE,DFL,2011
250.00,DE,DFL,2012
1820.00,DE,DFL,2013
5200.00,DE,DFL,2014
1575.00,DE,DFL,2015
855.00,DE,DFL,2016
2750.00,DE,DFL,2017
300.00,DE,GRE,2005
2368.00,DE,GRE,2006
750.00,DE,GRE,2007
750.00,DE,GRE,2008
500.00,DE,GRE,2012
450.00,DE,IND,2005
450.00,DE,IND,2006
500.00,DE,IND,2009
1500.00,DE,IND,2010
550.00,DE,IND,2011
5300.00,DE,IND,2012
500.00,DE,IND,2014
150.00,DE,IND,2015
300.00,DE,IND,2016
200.00,DE,IND,2017
250.00,DE,LIB,2006
1203.00,DE,LIB,2008
2900.00,DE,LIB,2010
2750.00,DE,LIB,2011
1500.00,DE,LIB,2012
400.00,DE,NNE,2011
250.00,DE,OTH,2009
101840.00,DE,OTH,2012
207400.00,DE,REP,2003
541928.00,DE,REP,2004
391137.00,DE,REP,2005
881957.00,DE,REP,2006
582022.00,DE,REP,2007
719066.00,DE,REP,2008
970929.00,DE,REP,2009
2374608.00,DE,REP,2010
218712.00,DE,REP,2011
699977.00,DE,REP,2012
108295.00,DE,REP,2013
178347.00,DE,REP,2014
366905.00,DE,REP,2015
356251.00,DE,REP,2016
128147.00,DE,REP,2017
250.00,DE,UNK,2004
250.00,DE,UNK,2014
1000.00,DE,UNK,2015
1000.00,DI,DEM,2008
250.00,EG,DEM,2003
4050.00,EN,DEM,2004
4200.00,EN,DEM,2005
500.00,EN,REP,2004
415.00,EN,REP,2015
25.00,EN,REP,2016
20400.00,FF,REP,2007
160.00,FF,REP,2016
500.00,FL,CON,2006
750.00,FL,CON,2010
527.00,FL,CON,2016
10960.00,FL,CST,2008
4302.00,FL,DEM,2000
7141444.00,FL,DEM,2003
8427946.00,FL,DEM,2004
6446436.00,FL,DEM,2005
13756832.00,FL,DEM,2006
19427593.00,FL,DEM,2007
25845683.00,FL,DEM,2008
10662568.00,FL,DEM,2009
35676503.00,FL,DEM,2010
13312429.00,FL,DEM,2011
19580082.00,FL,DEM,2012
7625701.00,FL,DEM,2013
10521424.00,FL,DEM,2014
13977077.00,FL,DEM,2015
20035858.00,FL,DEM,2016
7031990.00,FL,DEM,2017
2000.00,FL,DFL,2004
750.00,FL,DFL,2005
61899.00,FL,DFL,2006
86706.00,FL,DFL,2007
64028.00,FL,DFL,2008
11250.00,FL,DFL,2009
49700.00,FL,DFL,2010
55050.00,FL,DFL,2011
75683.00,FL,DFL,2012
104250.00,FL,DFL,2013
104156.00,FL,DFL,2014
74356.00,FL,DFL,2015
66607.00,FL,DFL,2016
22150.00,FL,DFL,2017
2600.00,FL,GRE,2006
250.00,FL,GRE,2007
450.00,FL,GRE,2008
14600.00,FL,GRE,2012
1250.00,FL,GRE,2014
2815.00,FL,GRE,2016
7450.00,FL,IND,2005
28970.00,FL,IND,2006
2000.00,FL,IND,2008
4000.00,FL,IND,2009
71406.00,FL,IND,2010
39976.00,FL,IND,2011
134141.00,FL,IND,2012
750.00,FL,IND,2013
95490.00,FL,IND,2014
15395.00,FL,IND,2015
72310.00,FL,IND,2016
20649.00,FL,IND,2017
250.00,FL,LIB,2003
24114.00,FL,LIB,2004
7450.00,FL,LIB,2005
10950.00,FL,LIB,2006
14225.00,FL,LIB,2007
48193.00,FL,LIB,2008
198.00,FL,LIB,2009
5800.00,FL,LIB,2010
23555.00,FL,LIB,2011
50700.00,FL,LIB,2012
278.00,FL,LIB,2013
259.00,FL,LIB,2014
2085.00,FL,LIB,2015
15461.00,FL,LIB,2016
3394.00,FL,LPF,2013
7425.00,FL,LPF,2014
300.00,FL,LPF,2015
300.00,FL,N/A,2016
92934.00,FL,NNE,2008
500.00,FL,NNE,2010
1500.00,FL,NNE,2011
34864.00,FL,NNE,2012
4800.00,FL,NNE,2013
12400.00,FL,NNE,2014
13700.00,FL,NPA,2004
2500.00,FL,NPA,2005
18300.00,FL,NPA,2006
3200.00,FL,NPA,2007
2450.00,FL,NPA,2008
6800.00,FL,NPA,2009
19850.00,FL,NPA,2010
2000.00,FL,NPA,2012
2000.00,FL,NPA,2013
5537.00,FL,NPA,2014
5400.00,FL,NPA,2015
198.00,FL,NPA,2016
2500.00,FL,OTH,2004
3765.00,FL,OTH,2009
25646.00,FL,OTH,2010
48387.00,FL,OTH,2012
5000.00,FL,OTH,2013
7600.00,FL,OTH,2014
13941.00,FL,OTH,2015
66126.00,FL,OTH,2016
1000.00,FL,PNP,2015
27100.00,FL,PNP,2016
500.00,FL,REF,2006
1000.00,FL,Rep,2004
7000.00,FL,REP,2000
4958328.00,FL,REP,2003
13472851.00,FL,REP,2004
7965338.00,FL,REP,2005
15047131.00,FL,REP,2006
12758779.00,FL,REP,2007
13382134.00,FL,REP,2008
8795414.00,FL,REP,2009
24998118.00,FL,REP,2010
23375749.00,FL,REP,2011
41611006.00,FL,REP,2012
8993228.00,FL,REP,2013
17798012.00,FL,REP,2014
31108155.00,FL,REP,2015
26701183.00,FL,REP,2016
4891321.00,FL,REP,2017
26350.00,FL,TLP,2008
6271.00,FL,UNK,2004
500.00,FL,UNK,2006
2700.00,FL,UNK,2008
6300.00,FL,UNK,2009
42733.00,FL,UNK,2010
3970.00,FL,UNK,2012
22487.00,FL,UNK,2014
12575.00,FL,UNK,2015
8950.00,FL,UNK,2016
3700.00,FL,UNK,2017
250.00,FL,W,2011
1000.00,FM,DEM,2008
30.00,FM,DEM,2016
1500.00,FM,DEM,2017
500.00,FM,REP,2015
3100.00,FM,REP,2016
4200.00,FR,DEM,2003
7550.00,FR,DEM,2004
15.00,FR,REP,2015
273.00,GA,CON,2016
1100.00,GA,CST,2008
2373780.00,GA,DEM,2003
4539462.00,GA,DEM,2004
1511131.00,GA,DEM,2005
3079288.00,GA,DEM,2006
5338131.00,GA,DEM,2007
10829375.00,GA,DEM,2008
1588128.00,GA,DEM,2009
2672334.00,GA,DEM,2010
2006244.00,GA,DEM,2011
5123087.00,GA,DEM,2012
2962971.00,GA,DEM,2013
5011923.00,GA,DEM,2014
1329832.00,GA,DEM,2015
9832093.00,GA,DEM,2016
2199192.00,GA,DEM,2017
5900.00,GA,DFL,2006
1500.00,GA,DFL,2007
15641.00,GA,DFL,2008
1500.00,GA,DFL,2009
6550.00,GA,DFL,2010
5750.00,GA,DFL,2011
11600.00,GA,DFL,2012
7700.00,GA,DFL,2013
14300.00,GA,DFL,2014
7300.00,GA,DFL,2015
12170.00,GA,DFL,2016
4400.00,GA,DFL,2017
1000.00,GA,GRE,2006
450.00,GA,GRE,2007
700.00,GA,GRE,2008
2850.00,GA,GRE,2010
5766.00,GA,GRE,2012
2000.00,GA,GRE,2013
1400.00,GA,IND,2005
10850.00,GA,IND,2006
4300.00,GA,IND,2010
2450.00,GA,IND,2011
42794.00,GA,IND,2012
200.00,GA,IND,2013
3650.00,GA,IND,2014
1025.00,GA,IND,2015
24918.00,GA,IND,2016
977.00,GA,IND,2017
1000.00,GA,LIB,2003
23573.00,GA,LIB,2004
1500.00,GA,LIB,2005
11660.00,GA,LIB,2006
2125.00,GA,LIB,2007
51888.00,GA,LIB,2008
6750.00,GA,LIB,2010
6000.00,GA,LIB,2011
30246.00,GA,LIB,2012
20325.00,GA,LIB,2014
4851.00,GA,LIB,2016
3300.00,GA,N/A,2008
200.00,GA,NNE,2010
2500.00,GA,NNE,2012
674.00,GA,NNE,2013
5850.00,GA,NNE,2014
700.00,GA,OTH,2004
2700.00,GA,OTH,2012
450.00,GA,OTH,2014
6650.00,GA,OTH,2015
475.00,GA,OTH,2016
3700.00,GA,PNP,2016
500.00,GA,REP,2002
3610996.00,GA,REP,2003
4427344.00,GA,REP,2004
2886645.00,GA,REP,2005
3147866.00,GA,REP,2006
7584018.00,GA,REP,2007
9999202.00,GA,REP,2008
3212119.00,GA,REP,2009
6407199.00,GA,REP,2010
6274085.00,GA,REP,2011
11192617.00,GA,REP,2012
10597780.00,GA,REP,2013
17465026.00,GA,REP,2014
6207444.00,GA,REP,2015
6263721.00,GA,REP,2016
3687696.00,GA,REP,2017
1300.00,GA,UNK,2004
200.00,GA,UNK,2005
1500.00,GA,UNK,2008
250.00,GA,UNK,2009
5500.00,GA,UNK,2010
200.00,GA,UNK,2012
2650.00,GA,UNK,2015
3700.00,GA,UNK,2016
2000.00,GA,UNK,2017
1750.00,GE,DEM,2004
1000.00,GR,DEM,2004
11080.00,GU,DEM,2003
58080.00,GU,DEM,2004
84405.00,GU,DEM,2005
80665.00,GU,DEM,2006
84500.00,GU,DEM,2007
124214.00,GU,DEM,2008
47914.00,GU,DEM,2009
115501.00,GU,DEM,2010
90250.00,GU,DEM,2011
148504.00,GU,DEM,2012
37330.00,GU,DEM,2013
52700.00,GU,DEM,2014
62797.00,GU,DEM,2015
109839.00,GU,DEM,2016
5500.00,GU,DEM,2017
100.00,GU,DFL,2016
310.00,GU,DFL,2017
16000.00,GU,IND,2009
1250.00,GU,IND,2010
14600.00,GU,IND,2011
500.00,GU,IND,2012
11500.00,GU,IND,2013
4325.00,GU,IND,2014
14750.00,GU,IND,2015
21425.00,GU,OTH,2010
1000.00,GU,REP,2003
28250.00,GU,REP,2004
1000.00,GU,REP,2005
750.00,GU,REP,2006
750.00,GU,REP,2007
6055.00,GU,REP,2008
4050.00,GU,REP,2009
58950.00,GU,REP,2010
8600.00,GU,REP,2011
135883.00,GU,REP,2012
3750.00,GU,REP,2013
40244.00,GU,REP,2014
9462.00,GU,REP,2015
121267.00,GU,REP,2016
6804.00,GU,REP,2017
300.00,GY,DEM,2004
47385.00,HI,DEM,2002
385379.00,HI,DEM,2003
737727.00,HI,DEM,2004
303998.00,HI,DEM,2005
2563528.00,HI,DEM,2006
1543962.00,HI,DEM,2007
2171326.00,HI,DEM,2008
1105940.00,HI,DEM,2009
1664647.00,HI,DEM,2010
1641006.00,HI,DEM,2011
4114690.00,HI,DEM,2012
4269001.00,HI,DEM,2013
3700319.00,HI,DEM,2014
1785813.00,HI,DEM,2015
2251790.00,HI,DEM,2016
381890.00,HI,DEM,2017
700.00,HI,DFL,2006
500.00,HI,DFL,2009
2583.00,HI,DFL,2010
1250.00,HI,DFL,2012
1990.00,HI,DFL,2013
2690.00,HI,DFL,2014
40.00,HI,DFL,2015
775.00,HI,DFL,2016
105.00,HI,DFL,2017
200.00,HI,GRE,2005
2450.00,HI,GRE,2012
500.00,HI,GRE,2015
250.00,HI,GRE,2016
200.00,HI,IND,2005
7645.00,HI,IND,2006
1000.00,HI,IND,2008
1000.00,HI,IND,2010
2500.00,HI,IND,2011
2670.00,HI,IND,2012
1870.00,HI,IND,2015
4050.00,HI,IND,2016
1000.00,HI,IND,2017
750.00,HI,LIB,2004
500.00,HI,LIB,2005
4850.00,HI,LIB,2007
2300.00,HI,LIB,2008
500.00,HI,LIB,2011
6700.00,HI,LIB,2012
500.00,HI,LIB,2014
250.00,HI,NNE,2013
2360.00,HI,NNE,2014
700.00,HI,OTH,2004
1000.00,HI,OTH,2010
250.00,HI,OTH,2012
5400.00,HI,OTH,2015
2700.00,HI,OTH,2016
17450.00,HI,REP,2002
18282.00,HI,REP,2003
89974.00,HI,REP,2004
34870.00,HI,REP,2005
400938.00,HI,REP,2006
102689.00,HI,REP,2007
188443.00,HI,REP,2008
189750.00,HI,REP,2009
1163938.00,HI,REP,2010
1070849.00,HI,REP,2011
1935080.00,HI,REP,2012
52400.00,HI,REP,2013
265837.00,HI,REP,2014
297498.00,HI,REP,2015
327203.00,HI,REP,2016
46143.00,HI,REP,2017
447.00,HI,UNK,2004
2500.00,HI,UNK,2014
6719.00,HI,UNK,2015
250.00,HI,UNK,2016
250.00,HK,DEM,2003
2000.00,HK,DEM,2004
1000.00,HK,DEM,2005
300.00,HO,DEM,2004
2120.00,IA,CST,2008
250.00,IA,CST,2009
330.00,IA,DEM,2000
269788.00,IA,DEM,2003
845783.00,IA,DEM,2004
645359.00,IA,DEM,2005
1662883.00,IA,DEM,2006
1602048.00,IA,DEM,2007
2662241.00,IA,DEM,2008
675539.00,IA,DEM,2009
1895003.00,IA,DEM,2010
1068487.00,IA,DEM,2011
2354230.00,IA,DEM,2012
1539535.00,IA,DEM,2013
2026017.00,IA,DEM,2014
929053.00,IA,DEM,2015
2026361.00,IA,DEM,2016
320840.00,IA,DEM,2017
500.00,IA,DFL,2005
2100.00,IA,DFL,2006
500.00,IA,DFL,2007
6100.00,IA,DFL,2008
4090.00,IA,DFL,2009
3160.00,IA,DFL,2010
9650.00,IA,DFL,2011
13600.00,IA,DFL,2012
7900.00,IA,DFL,2013
23356.00,IA,DFL,2014
17550.00,IA,DFL,2015
9835.00,IA,DFL,2016
875.00,IA,DFL,2017
250.00,IA,GRE,2006
250.00,IA,GRE,2007
1250.00,IA,GRE,2008
2500.00,IA,GRE,2012
1050.00,IA,IND,2005
12700.00,IA,IND,2006
500.00,IA,IND,2007
3050.00,IA,IND,2008
2150.00,IA,IND,2010
5650.00,IA,IND,2011
8175.00,IA,IND,2012
2575.00,IA,IND,2014
3471.00,IA,IND,2015
6894.00,IA,IND,2016
1225.00,IA,IND,2017
3500.00,IA,LIB,2004
450.00,IA,LIB,2007
3350.00,IA,LIB,2008
500.00,IA,LIB,2011
3875.00,IA,LIB,2012
212.00,IA,LIB,2014
500.00,IA,NNE,2014
7050.00,IA,NNE,2016
1020.00,IA,OTH,2004
250.00,IA,OTH,2012
250.00,IA,OTH,2016
575136.00,IA,REP,2003
966340.00,IA,REP,2004
1006191.00,IA,REP,2005
1650475.00,IA,REP,2006
680060.00,IA,REP,2007
887329.00,IA,REP,2008
742705.00,IA,REP,2009
2135244.00,IA,REP,2010
1151360.00,IA,REP,2011
3342289.00,IA,REP,2012
1892047.00,IA,REP,2013
2568106.00,IA,REP,2014
1450406.00,IA,REP,2015
1844355.00,IA,REP,2016
281557.00,IA,REP,2017
500.00,IA,UNK,2014
3100.00,IA,UNK,2015
1508.00,ID,CON,2016
710.00,ID,CON,2017
265.00,ID,CST,2008
89906.00,ID,DEM,2003
300601.00,ID,DEM,2004
64532.00,ID,DEM,2005
246627.00,ID,DEM,2006
369182.00,ID,DEM,2007
1072465.00,ID,DEM,2008
315901.00,ID,DEM,2009
430353.00,ID,DEM,2010
143573.00,ID,DEM,2011
619397.00,ID,DEM,2012
75051.00,ID,DEM,2013
345323.00,ID,DEM,2014
98836.00,ID,DEM,2015
884371.00,ID,DEM,2016
95413.00,ID,DEM,2017
500.00,ID,DFL,2007
500.00,ID,DFL,2010
1250.00,ID,DFL,2011
5500.00,ID,DFL,2012
8900.00,ID,DFL,2013
1250.00,ID,DFL,2014
5400.00,ID,DFL,2015
5400.00,ID,DFL,2016
500.00,ID,GRE,2012
200.00,ID,IND,2006
250.00,ID,IND,2010
900.00,ID,IND,2011
2500.00,ID,IND,2012
19500.00,ID,IND,2014
3577.00,ID,IND,2015
13802.00,ID,IND,2016
952.00,ID,IND,2017
300.00,ID,LIB,2004
4250.00,ID,LIB,2006
1049.00,ID,LIB,2008
750.00,ID,LIB,2011
5225.00,ID,LIB,2012
20.00,ID,NNE,2012
450.00,ID,NNE,2014
500.00,ID,OTH,2016
40086.00,ID,REP,2003
269111.00,ID,REP,2004
274893.00,ID,REP,2005
491291.00,ID,REP,2006
958468.00,ID,REP,2007
1041412.00,ID,REP,2008
522946.00,ID,REP,2009
987998.00,ID,REP,2010
737994.00,ID,REP,2011
1692646.00,ID,REP,2012
615472.00,ID,REP,2013
727045.00,ID,REP,2014
956662.00,ID,REP,2015
902440.00,ID,REP,2016
183007.00,ID,REP,2017
4600.00,ID,UNI,2006
250.00,ID,UNK,2014
1000.00,ID,UNK,2015
250.00,IL,,2009
547.00,IL,CON,2016
1000.00,IL,CST,2005
714.00,IL,CST,2008
4400.00,IL,DEM,2000
3736934.00,IL,DEM,2003
8087580.00,IL,DEM,2004
5091792.00,IL,DEM,2005
10159458.00,IL,DEM,2006
28827362.00,IL,DEM,2007
29130055.00,IL,DEM,2008
13447004.00,IL,DEM,2009
12694588.00,IL,DEM,2010
10640222.00,IL,DEM,2011
18507717.00,IL,DEM,2012
7774927.00,IL,DEM,2013
9849479.00,IL,DEM,2014
10850051.00,IL,DEM,2015
14876810.00,IL,DEM,2016
6141696.00,IL,DEM,2017
500.00,IL,DFL,2004
28200.00,IL,DFL,2006
27764.00,IL,DFL,2007
109105.00,IL,DFL,2008
15600.00,IL,DFL,2009
66902.00,IL,DFL,2010
18200.00,IL,DFL,2011
69179.00,IL,DFL,2012
75914.00,IL,DFL,2013
140806.00,IL,DFL,2014
22940.00,IL,DFL,2015
42877.00,IL,DFL,2016
67385.00,IL,DFL,2017
250.00,IL,GRE,2003
3250.00,IL,GRE,2006
3050.00,IL,GRE,2007
21028.00,IL,GRE,2008
1277.00,IL,GRE,2010
1000.00,IL,GRE,2011
24600.00,IL,GRE,2012
5000.00,IL,GRE,2013
4822.00,IL,GRE,2014
1000.00,IL,GRE,2015
2745.00,IL,GRE,2016
164.00,IL,GRE,2017
8600.00,IL,IND,2005
42600.00,IL,IND,2006
250.00,IL,IND,2007
1000.00,IL,IND,2008
1000.00,IL,IND,2009
2150.00,IL,IND,2010
41485.00,IL,IND,2011
45085.00,IL,IND,2012
750.00,IL,IND,2013
34225.00,IL,IND,2014
22968.00,IL,IND,2015
33891.00,IL,IND,2016
28332.00,IL,IND,2017
1250.00,IL,LIB,2003
19030.00,IL,LIB,2004
1000.00,IL,LIB,2005
23900.00,IL,LIB,2006
2200.00,IL,LIB,2007
20086.00,IL,LIB,2008
2900.00,IL,LIB,2010
8750.00,IL,LIB,2011
26100.00,IL,LIB,2012
400.00,IL,LIB,2014
300.00,IL,LIB,2016
1050.00,IL,NNE,2012
6950.00,IL,NNE,2013
10772.00,IL,NNE,2014
3200.00,IL,OTH,2004
700.00,IL,OTH,2012
2000.00,IL,OTH,2014
29201.00,IL,OTH,2015
8082.00,IL,OTH,2016
250.00,IL,PNP,2016
3714783.00,IL,REP,2003
7607856.00,IL,REP,2004
5452352.00,IL,REP,2005
7294158.00,IL,REP,2006
8846704.00,IL,REP,2007
11192713.00,IL,REP,2008
9880493.00,IL,REP,2009
20566900.00,IL,REP,2010
11452241.00,IL,REP,2011
18227014.00,IL,REP,2012
7580899.00,IL,REP,2013
12374559.00,IL,REP,2014
13658212.00,IL,REP,2015
13758275.00,IL,REP,2016
2786439.00,IL,REP,2017
1500.00,IL,UNK,2008
325.00,IL,UNK,2012
500.00,IL,UNK,2014
7650.00,IL,UNK,2015
7650.00,IL,UNK,2016
8850.00,IL,UNK,2017
250.00,IL,W,2010
772.00,IN,CON,2016
772.00,IN,CST,2008
745.00,IN,DEM,2000
852434.00,IN,DEM,2003
1417740.00,IN,DEM,2004
1454519.00,IN,DEM,2005
1685016.00,IN,DEM,2006
2456482.00,IN,DEM,2007
4328544.00,IN,DEM,2008
1424401.00,IN,DEM,2009
2782953.00,IN,DEM,2010
1499139.00,IN,DEM,2011
4327695.00,IN,DEM,2012
876332.00,IN,DEM,2013
1116210.00,IN,DEM,2014
1033992.00,IN,DEM,2015
2287627.00,IN,DEM,2016
1351329.00,IN,DEM,2017
500.00,IN,DFL,2003
200.00,IN,DFL,2005
750.00,IN,DFL,2006
1750.00,IN,DFL,2007
6300.00,IN,DFL,2008
2000.00,IN,DFL,2009
5850.00,IN,DFL,2010
1100.00,IN,DFL,2011
3750.00,IN,DFL,2012
4105.00,IN,DFL,2013
15614.00,IN,DFL,2014
1070.00,IN,DFL,2015
6435.00,IN,DFL,2016
874.00,IN,DFL,2017
200.00,IN,GRE,2005
250.00,IN,GRE,2008
250.00,IN,GRE,2011
750.00,IN,GRE,2012
200.00,IN,IND,2005
4066.00,IN,IND,2006
1550.00,IN,IND,2008
1000.00,IN,IND,2009
13100.00,IN,IND,2010
15283.00,IN,IND,2011
12875.00,IN,IND,2012
210.00,IN,IND,2013
3900.00,IN,IND,2014
4985.00,IN,IND,2015
2315.00,IN,IND,2016
260.00,IN,IND,2017
8900.00,IN,LIB,2004
5650.00,IN,LIB,2006
250.00,IN,LIB,2007
15223.00,IN,LIB,2008
5678.00,IN,LIB,2010
2500.00,IN,LIB,2011
17654.00,IN,LIB,2012
3399.00,IN,LIB,2014
500.00,IN,LIB,2015
5400.00,IN,LIB,2016
769.00,IN,NNE,2012
200.00,IN,NNE,2013
250.00,IN,NNE,2014
450.00,IN,OTH,2004
2100.00,IN,OTH,2006
120.00,IN,OTH,2012
267309.00,IN,REP,2003
460089.00,IN,REP,2004
654187.00,IN,REP,2005
981469.00,IN,REP,2006
1190829.00,IN,REP,2007
1687686.00,IN,REP,2008
2159654.00,IN,REP,2009
7196212.00,IN,REP,2010
6185411.00,IN,REP,2011
9324134.00,IN,REP,2012
3947919.00,IN,REP,2013
4500586.00,IN,REP,2014
10562682.00,IN,REP,2015
15927419.00,IN,REP,2016
2501510.00,IN,REP,2017
1000.00,IN,UNK,2010
1000.00,IN,UNK,2014
200.00,IN,W,2010
203464.00,IR,DEM,2003
769152.00,IR,DEM,2004
8055.00,IR,DEM,2008
250.00,IS,DEM,2004
300.00,IS,REP,2015
200.00,IS,REP,2016
3500.00,IT,DEM,2003
250.00,IT,DEM,2004
1000.00,JA,DEM,2003
250.00,JA,DEM,2004
100.00,JA,REP,2015
20.00,JA,REP,2016
500.00,JP,DEM,2004
220.00,KA,DEM,2015
250.00,KS,CST,2008
415103.00,KS,DEM,2003
1368831.00,KS,DEM,2004
214390.00,KS,DEM,2005
832266.00,KS,DEM,2006
1040272.00,KS,DEM,2007
2678758.00,KS,DEM,2008
694205.00,KS,DEM,2009
1183063.00,KS,DEM,2010
335069.00,KS,DEM,2011
1165986.00,KS,DEM,2012
241056.00,KS,DEM,2013
806657.00,KS,DEM,2014
475415.00,KS,DEM,2015
1077363.00,KS,DEM,2016
442329.00,KS,DEM,2017
1500.00,KS,DFL,2007
1450.00,KS,DFL,2008
500.00,KS,DFL,2009
2550.00,KS,DFL,2010
250.00,KS,DFL,2011
750.00,KS,DFL,2012
2250.00,KS,DFL,2013
7500.00,KS,DFL,2014
1000.00,KS,DFL,2015
8987.00,KS,DFL,2016
5900.00,KS,DFL,2017
250.00,KS,GRE,2007
1250.00,KS,GRE,2012
950.00,KS,GRE,2016
500.00,KS,IND,2005
700.00,KS,IND,2006
200.00,KS,IND,2010
3740.00,KS,IND,2011
12100.00,KS,IND,2012
13.00,KS,IND,2013
2965044.00,KS,IND,2014
89880.00,KS,IND,2015
27070.00,KS,IND,2016
3350.00,KS,LIB,2004
3400.00,KS,LIB,2006
500.00,KS,LIB,2007
7094.00,KS,LIB,2008
500.00,KS,LIB,2010
4960.00,KS,LIB,2012
750.00,KS,LIB,2014
900.00,KS,LIB,2016
1250.00,KS,NNE,2012
300.00,KS,NNE,2014
400.00,KS,OTH,2004
100.00,KS,OTH,2012
5400.00,KS,OTH,2016
501275.00,KS,REP,2003
1386363.00,KS,REP,2004
1221235.00,KS,REP,2005
1162047.00,KS,REP,2006
2365639.00,KS,REP,2007
3280778.00,KS,REP,2008
3596466.00,KS,REP,2009
6532613.00,KS,REP,2010
2459922.00,KS,REP,2011
4107394.00,KS,REP,2012
2880548.00,KS,REP,2013
4535711.00,KS,REP,2014
2875292.00,KS,REP,2015
3180217.00,KS,REP,2016
1245192.00,KS,REP,2017
1200.00,KS,UNK,2004
500.00,KS,UNK,2008
500.00,KS,UNK,2012
250.00,KS,UNK,2016
284.00,KY,CON,2016
300.00,KY,CST,2008
385.00,KY,DEM,2000
641744.00,KY,DEM,2003
2175077.00,KY,DEM,2004
458320.00,KY,DEM,2005
1769319.00,KY,DEM,2006
1892360.00,KY,DEM,2007
4828907.00,KY,DEM,2008
3520273.00,KY,DEM,2009
3000816.00,KY,DEM,2010
896571.00,KY,DEM,2011
2036364.00,KY,DEM,2012
1492279.00,KY,DEM,2013
1666925.00,KY,DEM,2014
455079.00,KY,DEM,2015
6645743.00,KY,DEM,2016
249777.00,KY,DEM,2017
1000.00,KY,DFL,2008
1000.00,KY,DFL,2009
4500.00,KY,DFL,2010
10750.00,KY,DFL,2011
4500.00,KY,DFL,2012
1865.00,KY,DFL,2013
6365.00,KY,DFL,2014
1900.00,KY,DFL,2015
2080.00,KY,DFL,2016
100.00,KY,DFL,2017
250.00,KY,GRE,2006
1938.00,KY,GRE,2012
750.00,KY,GRE,2015
100.00,KY,GRE,2016
200.00,KY,IND,2005
24151.00,KY,IND,2006
1000.00,KY,IND,2010
5500.00,KY,IND,2011
9975.00,KY,IND,2012
500.00,KY,IND,2013
2000.00,KY,IND,2014
1000.00,KY,IND,2015
4295.00,KY,IND,2016
250.00,KY,IND,2017
300.00,KY,LIB,2003
250.00,KY,LIB,2004
3759.00,KY,LIB,2006
1950.00,KY,LIB,2007
16647.00,KY,LIB,2008
750.00,KY,LIB,2011
1750.00,KY,LIB,2012
870.00,KY,LIB,2016
10.00,KY,NNE,2012
200.00,KY,NNE,2013
500.00,KY,NNE,2014
1500.00,KY,NPA,2012
250.00,KY,OTH,2015
1543489.00,KY,REP,2003
2192623.00,KY,REP,2004
2435251.00,KY,REP,2005
2672112.00,KY,REP,2006
1606767.00,KY,REP,2007
6065290.00,KY,REP,2008
2960211.00,KY,REP,2009
4650617.00,KY,REP,2010
1735338.00,KY,REP,2011
5416994.00,KY,REP,2012
2540256.00,KY,REP,2013
4958964.00,KY,REP,2014
2330993.00,KY,REP,2015
2404093.00,KY,REP,2016
566432.00,KY,REP,2017
750.00,KY,SUS,2010
8200.00,KY,UNK,2004
3300.00,KY,UNK,2007
5050.00,KY,UNK,2008
1750.00,KY,UNK,2010
250.00,KY,UNK,2014
1250.00,KY,UNK,2015
250.00,LA,CON,2016
750.00,LA,CST,2008
250.00,LA,DEM,2000
677288.00,LA,DEM,2003
4324437.00,LA,DEM,2004
902751.00,LA,DEM,2005
3438092.00,LA,DEM,2006
2927078.00,LA,DEM,2007
6893028.00,LA,DEM,2008
2884111.00,LA,DEM,2009
3320796.00,LA,DEM,2010
959905.00,LA,DEM,2011
2134826.00,LA,DEM,2012
2201357.00,LA,DEM,2013
2815568.00,LA,DEM,2014
397402.00,LA,DEM,2015
3193089.00,LA,DEM,2016
282830.00,LA,DEM,2017
750.00,LA,DFL,2005
1500.00,LA,DFL,2006
2000.00,LA,DFL,2007
17301.00,LA,DFL,2008
3700.00,LA,DFL,2009
3600.00,LA,DFL,2010
1500.00,LA,DFL,2011
3950.00,LA,DFL,2012
4950.00,LA,DFL,2013
4678.00,LA,DFL,2014
4500.00,LA,DFL,2015
120.00,LA,DFL,2016
350.00,LA,DFL,2017
1250.00,LA,GRE,2008
250.00,LA,GRE,2012
1250.00,LA,IND,2005
6650.00,LA,IND,2006
6928.00,LA,IND,2008
130837.00,LA,IND,2010
1400.00,LA,IND,2011
7750.00,LA,IND,2012
5355.00,LA,IND,2014
1080.00,LA,IND,2015
19902.00,LA,IND,2016
350.00,LA,IND,2017
300.00,LA,LIB,2003
1300.00,LA,LIB,2004
6700.00,LA,LIB,2006
3328.00,LA,LIB,2008
2650.00,LA,LIB,2011
16100.00,LA,LIB,2012
650.00,LA,LIB,2013
1900.00,LA,LIB,2014
133250.00,LA,N/A,2008
8065.00,LA,NNE,2009
19771.00,LA,NNE,2010
250.00,LA,NNE,2014
1655.00,LA,OTH,2004
1900.00,LA,OTH,2006
4500.00,LA,OTH,2008
4653.00,LA,OTH,2010
2600.00,LA,OTH,2011
2270.00,LA,OTH,2012
1000.00,LA,OTH,2016
500.00,LA,REP,1980
1053031.00,LA,REP,2003
4384510.00,LA,REP,2004
2662078.00,LA,REP,2005
4284281.00,LA,REP,2006
2533517.00,LA,REP,2007
8107533.00,LA,REP,2008
4344218.00,LA,REP,2009
6844281.00,LA,REP,2010
5090961.00,LA,REP,2011
9164540.00,LA,REP,2012
6198624.00,LA,REP,2013
9151052.00,LA,REP,2014
6524840.00,LA,REP,2015
11491331.00,LA,REP,2016
1242954.00,LA,REP,2017
25.00,LA,REP,2106
240893.00,LA,UNK,2008
6250.00,LA,UNK,2009
4500.00,LA,UNK,2011
100.00,LA,UNK,2015
2700.00,LA,UNK,2016
325.00,LE,REP,2015
60.00,LE,REP,2016
250.00,LN,DEM,2003
1000.00,LO,DEM,2003
1000.00,LO,DEM,2004
250.00,LX,DEM,2003
200.00,LX,DEM,2004
550.00,MA,DEM,2000
6843664.00,MA,DEM,2003
15279748.00,MA,DEM,2004
2963659.00,MA,DEM,2005
6588103.00,MA,DEM,2006
14171890.00,MA,DEM,2007
22392880.00,MA,DEM,2008
11012259.00,MA,DEM,2009
10265400.00,MA,DEM,2010
9662281.00,MA,DEM,2011
23016520.00,MA,DEM,2012
10456258.00,MA,DEM,2013
9266263.00,MA,DEM,2014
7861733.00,MA,DEM,2015
16336472.00,MA,DEM,2016
5947279.00,MA,DEM,2017
26375.00,MA,DFL,2006
25720.00,MA,DFL,2007
51600.00,MA,DFL,2008
19100.00,MA,DFL,2009
39125.00,MA,DFL,2010
36100.00,MA,DFL,2011
57665.00,MA,DFL,2012
69476.00,MA,DFL,2013
105000.00,MA,DFL,2014
39665.00,MA,DFL,2015
70559.00,MA,DFL,2016
18912.00,MA,DFL,2017
1050.00,MA,GRE,2006
250.00,MA,GRE,2007
2600.00,MA,GRE,2008
3750.00,MA,GRE,2011
24480.00,MA,GRE,2012
700.00,MA,GRE,2013
1815.00,MA,GRE,2015
750.00,MA,GRE,2016
1000.00,MA,IND,2004
46800.00,MA,IND,2005
172729.00,MA,IND,2006
5985.00,MA,IND,2008
1000.00,MA,IND,2009
126050.00,MA,IND,2010
82880.00,MA,IND,2011
264665.00,MA,IND,2012
2000.00,MA,IND,2013
109350.00,MA,IND,2014
65950.00,MA,IND,2015
72409.00,MA,IND,2016
105680.00,MA,IND,2017
1250.00,MA,LIB,2003
17750.00,MA,LIB,2004
1500.00,MA,LIB,2005
4250.00,MA,LIB,2006
6430.00,MA,LIB,2007
14000.00,MA,LIB,2008
500.00,MA,LIB,2010
3250.00,MA,LIB,2011
26908.00,MA,LIB,2012
12300.00,MA,LIB,2016
1000.00,MA,LIB,2017
1518.00,MA,NNE,2012
5050.00,MA,NNE,2013
15600.00,MA,NNE,2014
250.00,MA,NNE,2015
14050.00,MA,NNE,2016
175.00,MA,NPA,2015
3379.00,MA,NPA,2016
7490.00,MA,OTH,2004
20.00,MA,OTH,2011
21550.00,MA,OTH,2012
1400.00,MA,OTH,2013
1000.00,MA,OTH,2014
35600.00,MA,OTH,2015
26100.00,MA,OTH,2016
5000.00,MA,PNP,2016
200.00,MA,REP,2000
444325.00,MA,REP,2003
874922.00,MA,REP,2004
691308.00,MA,REP,2005
1432800.00,MA,REP,2006
5762461.00,MA,REP,2007
2756056.00,MA,REP,2008
2414899.00,MA,REP,2009
7359696.00,MA,REP,2010
8546636.00,MA,REP,2011
13118055.00,MA,REP,2012
4192448.00,MA,REP,2013
4600691.00,MA,REP,2014
3739955.00,MA,REP,2015
3441945.00,MA,REP,2016
910104.00,MA,REP,2017
1250.00,MA,UNK,2004
1560.00,MA,UNK,2008
7025.00,MA,UNK,2010
4100.00,MA,UNK,2014
9250.00,MA,UNK,2015
250.00,MA,W,2011
1649.00,MB,DEM,2004
500.00,MC,REP,2005
400.00,MD,CON,2006
285.00,MD,CON,2016
2000.00,MD,CST,2005
1250.00,MD,CST,2008
950.00,MD,DEM,2000
500.00,MD,DEM,2002
3184777.00,MD,DEM,2003
7851790.00,MD,DEM,2004
4176914.00,MD,DEM,2005
11744864.00,MD,DEM,2006
13096995.00,MD,DEM,2007
19030404.00,MD,DEM,2008
6228386.00,MD,DEM,2009
7725387.00,MD,DEM,2010
7167203.00,MD,DEM,2011
13714620.00,MD,DEM,2012
4401734.00,MD,DEM,2013
5997903.00,MD,DEM,2014
19038399.00,MD,DEM,2015
17725133.00,MD,DEM,2016
3746891.00,MD,DEM,2017
750.00,MD,DFL,2003
1450.00,MD,DFL,2004
19550.00,MD,DFL,2006
13550.00,MD,DFL,2007
57855.00,MD,DFL,2008
8250.00,MD,DFL,2009
46649.00,MD,DFL,2010
13563.00,MD,DFL,2011
40050.00,MD,DFL,2012
60780.00,MD,DFL,2013
62676.00,MD,DFL,2014
25475.00,MD,DFL,2015
39362.00,MD,DFL,2016
4495.00,MD,DFL,2017
3351.00,MD,GRE,2005
17522.00,MD,GRE,2006
15209.00,MD,GRE,2008
12321.00,MD,GRE,2012
2400.00,MD,GRE,2015
19819.00,MD,GRE,2016
6650.00,MD,IND,2005
24550.00,MD,IND,2006
2500.00,MD,IND,2008
450.00,MD,IND,2009
10605.00,MD,IND,2010
21575.00,MD,IND,2011
66228.00,MD,IND,2012
1000.00,MD,IND,2013
35708.00,MD,IND,2014
10100.00,MD,IND,2015
20788.00,MD,IND,2016
13181.00,MD,IND,2017
2500.00,MD,LIB,2003
15005.00,MD,LIB,2004
2850.00,MD,LIB,2005
6550.00,MD,LIB,2006
2300.00,MD,LIB,2007
7115.00,MD,LIB,2008
548.00,MD,LIB,2010
5550.00,MD,LIB,2011
21300.00,MD,LIB,2012
500.00,MD,LIB,2014
1000.00,MD,LIB,2016
500.00,MD,N/A,2016
860.00,MD,NNE,2012
500.00,MD,NNE,2013
1450.00,MD,NNE,2014
400.00,MD,NPA,2006
4650.00,MD,OTH,2004
20925.00,MD,OTH,2012
450.00,MD,OTH,2014
4000.00,MD,OTH,2015
2500.00,MD,OTH,2016
750.00,MD,PNP,2015
4450.00,MD,PNP,2016
1185996.00,MD,REP,2003
1824863.00,MD,REP,2004
2126142.00,MD,REP,2005
4409340.00,MD,REP,2006
3063165.00,MD,REP,2007
3192386.00,MD,REP,2008
1989377.00,MD,REP,2009
4431074.00,MD,REP,2010
3712937.00,MD,REP,2011
7100089.00,MD,REP,2012
2073091.00,MD,REP,2013
3218903.00,MD,REP,2014
4644595.00,MD,REP,2015
4898188.00,MD,REP,2016
1031100.00,MD,REP,2017
40810.00,MD,UNK,2004
250.00,MD,UNK,2009
500.00,MD,UNK,2010
5500.00,MD,UNK,2014
11650.00,MD,UNK,2015
3177.00,MD,UNK,2016
1250.00,MD,UNK,2017
250.00,ME,CST,2008
499246.00,ME,DEM,2003
1523573.00,ME,DEM,2004
350299.00,ME,DEM,2005
757357.00,ME,DEM,2006
2772286.00,ME,DEM,2007
3912330.00,ME,DEM,2008
218732.00,ME,DEM,2009
493122.00,ME,DEM,2010
592197.00,ME,DEM,2011
1467085.00,ME,DEM,2012
532911.00,ME,DEM,2013
1564648.00,ME,DEM,2014
603802.00,ME,DEM,2015
1823421.00,ME,DEM,2016
160477.00,ME,DEM,2017
2300.00,ME,DFL,2007
3550.00,ME,DFL,2008
1000.00,ME,DFL,2009
700.00,ME,DFL,2010
250.00,ME,DFL,2011
5450.00,ME,DFL,2012
4150.00,ME,DFL,2013
9900.00,ME,DFL,2014
3250.00,ME,DFL,2015
2580.00,ME,DFL,2016
775.00,ME,DFL,2017
250.00,ME,GRE,2007
750.00,ME,GRE,2008
1950.00,ME,GRE,2012
250.00,ME,GRE,2015
2200.00,ME,IND,2005
19172.00,ME,IND,2006
1428.00,ME,IND,2007
11564.00,ME,IND,2008
1150.00,ME,IND,2010
1950.00,ME,IND,2011
1160527.00,ME,IND,2012
46439.00,ME,IND,2013
24892.00,ME,IND,2014
34737.00,ME,IND,2015
88020.00,ME,IND,2016
489605.00,ME,IND,2017
750.00,ME,LIB,2004
4000.00,ME,LIB,2006
3800.00,ME,LIB,2007
2400.00,ME,LIB,2010
500.00,ME,LIB,2011
1000.00,ME,LIB,2012
1160.00,ME,LIB,2016
500.00,ME,NNE,2013
450.00,ME,NNE,2014
1000.00,ME,OTH,2003
4050.00,ME,OTH,2004
250.00,ME,OTH,2015
5100.00,ME,PNP,2015
19600.00,ME,REP,2003
345415.00,ME,REP,2004
262515.00,ME,REP,2005
444176.00,ME,REP,2006
887851.00,ME,REP,2007
953052.00,ME,REP,2008
155550.00,ME,REP,2009
715097.00,ME,REP,2010
600851.00,ME,REP,2011
1622652.00,ME,REP,2012
844068.00,ME,REP,2013
1481563.00,ME,REP,2014
1475637.00,ME,REP,2015
936266.00,ME,REP,2016
838875.00,ME,REP,2017
2000.00,ME,UNK,2008
2200.00,ME,UNK,2015
250.00,MI,CON,2016
11355.00,MI,CST,2008
1340245.00,MI,DEM,2003
2630608.00,MI,DEM,2004
946867.00,MI,DEM,2005
2860451.00,MI,DEM,2006
5024472.00,MI,DEM,2007
9331865.00,MI,DEM,2008
2946659.00,MI,DEM,2009
5328157.00,MI,DEM,2010
3981968.00,MI,DEM,2011
7993158.00,MI,DEM,2012
4718069.00,MI,DEM,2013
9279729.00,MI,DEM,2014
2945167.00,MI,DEM,2015
6196196.00,MI,DEM,2016
1933974.00,MI,DEM,2017
27599.00,MI,DFL,2006
13650.00,MI,DFL,2007
43384.00,MI,DFL,2008
28200.00,MI,DFL,2009
29600.00,MI,DFL,2010
43050.00,MI,DFL,2011
35270.00,MI,DFL,2012
43894.00,MI,DFL,2013
42562.00,MI,DFL,2014
16735.00,MI,DFL,2015
23745.00,MI,DFL,2016
8470.00,MI,DFL,2017
250.00,MI,GRE,2005
1300.00,MI,GRE,2006
750.00,MI,GRE,2007
6311.00,MI,GRE,2008
3950.00,MI,GRE,2012
7500.00,MI,IAP,2012
200.00,MI,IND,2004
2650.00,MI,IND,2005
27200.00,MI,IND,2006
1750.00,MI,IND,2007
5500.00,MI,IND,2008
2400.00,MI,IND,2009
30750.00,MI,IND,2010
13400.00,MI,IND,2011
40127.00,MI,IND,2012
1600.00,MI,IND,2013
78510.00,MI,IND,2014
7479.00,MI,IND,2015
40960.00,MI,IND,2016
5287.00,MI,IND,2017
1650.00,MI,LIB,2003
30790.00,MI,LIB,2004
1000.00,MI,LIB,2005
8050.00,MI,LIB,2006
2550.00,MI,LIB,2007
22515.00,MI,LIB,2008
5250.00,MI,LIB,2010
4250.00,MI,LIB,2011
23685.00,MI,LIB,2012
4246.00,MI,LIB,2016
300.00,MI,NNE,2009
900.00,MI,NNE,2011
2000.00,MI,NNE,2012
7550.00,MI,NNE,2013
21555.00,MI,NNE,2014
500.00,MI,NPA,2007
4950.00,MI,OTH,2004
1400.00,MI,OTH,2010
100.00,MI,OTH,2011
4600.00,MI,OTH,2012
150.00,MI,OTH,2015
120.00,MI,OTH,2016
2204145.00,MI,REP,2003
2533388.00,MI,REP,2004
3235127.00,MI,REP,2005
6602396.00,MI,REP,2006
4251205.00,MI,REP,2007
3933966.00,MI,REP,2008
1761598.00,MI,REP,2009
6124582.00,MI,REP,2010
5784344.00,MI,REP,2011
9054947.00,MI,REP,2012
6607028.00,MI,REP,2013
10007581.00,MI,REP,2014
7246924.00,MI,REP,2015
5768823.00,MI,REP,2016
1401598.00,MI,REP,2017
500.00,MI,SUS,2010
575.00,MI,TX,2006
4700.00,MI,UNK,2004
250.00,MI,UNK,2006
1500.00,MI,UNK,2008
2500.00,MI,UNK,2012
3000.00,MI,UNK,2014
1800.00,MI,UNK,2015
500.00,MI,UNK,2016
1000.00,MN,CON,2016
750.00,MN,CST,2006
3530.00,MN,CST,2008
150.00,MN,DEM,2000
708091.00,MN,DEM,2003
3304273.00,MN,DEM,2004
672565.00,MN,DEM,2005
1038609.00,MN,DEM,2006
2292349.00,MN,DEM,2007
5552839.00,MN,DEM,2008
873287.00,MN,DEM,2009
1102399.00,MN,DEM,2010
1862178.00,MN,DEM,2011
3774598.00,MN,DEM,2012
689183.00,MN,DEM,2013
1099773.00,MN,DEM,2014
1378355.00,MN,DEM,2015
3134003.00,MN,DEM,2016
1139837.00,MN,DEM,2017
5325.00,MN,DFL,2003
10225.00,MN,DFL,2004
62301.00,MN,DFL,2005
1199281.00,MN,DFL,2006
932088.00,MN,DFL,2007
1694528.00,MN,DFL,2008
1456045.00,MN,DFL,2009
1998582.00,MN,DFL,2010
582929.00,MN,DFL,2011
1601852.00,MN,DFL,2012
1113700.00,MN,DFL,2013
1623965.00,MN,DFL,2014
661451.00,MN,DFL,2015
1054266.00,MN,DFL,2016
526534.00,MN,DFL,2017
250.00,MN,GRE,2004
3000.00,MN,GRE,2005
500.00,MN,GRE,2006
500.00,MN,GRE,2007
2000.00,MN,GRE,2008
8865.00,MN,GRE,2012
3000.00,MN,GRE,2015
1000.00,MN,GRE,2016
17850.00,MN,IDP,2010
950.00,MN,IND,2005
113209.00,MN,IND,2006
2020.00,MN,IND,2007
44350.00,MN,IND,2008
3500.00,MN,IND,2010
16565.00,MN,IND,2011
14240.00,MN,IND,2012
1000.00,MN,IND,2013
68750.00,MN,IND,2014
13588.00,MN,IND,2015
18983.00,MN,IND,2016
2600.00,MN,IND,2017
500.00,MN,IP,2013
2599.00,MN,IP,2014
1498.00,MN,IP,2016
700.00,MN,LIB,2003
8751.00,MN,LIB,2004
500.00,MN,LIB,2006
750.00,MN,LIB,2007
3500.00,MN,LIB,2008
1950.00,MN,LIB,2011
10025.00,MN,LIB,2012
1500.00,MN,LIB,2016
250.00,MN,LPF,2014
3650.00,MN,NNE,2010
250.00,MN,NNE,2013
3050.00,MN,NNE,2014
8165.00,MN,OTH,2004
59.00,MN,OTH,2005
3312.00,MN,OTH,2006
3903.00,MN,OTH,2010
275.00,MN,OTH,2012
80050.00,MN,OTH,2013
90888.00,MN,OTH,2014
4000.00,MN,OTH,2015
6900.00,MN,OTH,2016
859122.00,MN,REP,2003
1228670.00,MN,REP,2004
2938340.00,MN,REP,2005
4190535.00,MN,REP,2006
2691351.00,MN,REP,2007
3502860.00,MN,REP,2008
1828706.00,MN,REP,2009
5311224.00,MN,REP,2010
4432156.00,MN,REP,2011
6503681.00,MN,REP,2012
5310531.00,MN,REP,2013
6048966.00,MN,REP,2014
3797268.00,MN,REP,2015
4435411.00,MN,REP,2016
876494.00,MN,REP,2017
5550.00,MN,UNK,2004
17.00,MN,UNK,2005
5281.00,MN,UNK,2006
200.00,MN,UNK,2008
1000.00,MN,UNK,2009
2900.00,MN,UNK,2010
2600.00,MN,UNK,2014
858.00,MN,UNK,2015
1250.00,MN,UNK,2016
300.00,MO,CON,2010
960.00,MO,CON,2013
3517.00,MO,CON,2016
1725.00,MO,CST,2008
738561.00,MO,DEM,2003
3175907.00,MO,DEM,2004
508438.00,MO,DEM,2005
1122292.00,MO,DEM,2006
2931779.00,MO,DEM,2007
5589384.00,MO,DEM,2008
2777885.00,MO,DEM,2009
3308100.00,MO,DEM,2010
2068774.00,MO,DEM,2011
5484333.00,MO,DEM,2012
822351.00,MO,DEM,2013
938558.00,MO,DEM,2014
1930930.00,MO,DEM,2015
5562684.00,MO,DEM,2016
1540353.00,MO,DEM,2017
500.00,MO,DFL,2004
500.00,MO,DFL,2005
2550.00,MO,DFL,2007
2250.00,MO,DFL,2008
1250.00,MO,DFL,2009
13700.00,MO,DFL,2010
1000.00,MO,DFL,2011
8550.00,MO,DFL,2012
18000.00,MO,DFL,2013
20742.00,MO,DFL,2014
5135.00,MO,DFL,2015
3703.00,MO,DFL,2016
710.00,MO,DFL,2017
3101.00,MO,GRE,2006
1750.00,MO,GRE,2012
1250.00,MO,IND,2005
4100.00,MO,IND,2006
1200.00,MO,IND,2009
3533.00,MO,IND,2010
4600.00,MO,IND,2011
14975.00,MO,IND,2012
750.00,MO,IND,2013
161010.00,MO,IND,2014
1700.00,MO,IND,2015
17607.00,MO,IND,2016
615.00,MO,IND,2017
700.00,MO,LIB,2003
13699.00,MO,LIB,2004
200.00,MO,LIB,2005
1300.00,MO,LIB,2006
19500.00,MO,LIB,2008
1225.00,MO,LIB,2010
4500.00,MO,LIB,2011
9250.00,MO,LIB,2012
500.00,MO,LIB,2015
713.00,MO,LIB,2016
500.00,MO,N/A,2016
100.00,MO,NNE,2012
5400.00,MO,NNE,2014
200.00,MO,OTH,2004
750.00,MO,OTH,2012
3200.00,MO,OTH,2015
5495.00,MO,OTH,2016
1970230.00,MO,REP,2003
2047248.00,MO,REP,2004
3128911.00,MO,REP,2005
4457535.00,MO,REP,2006
4269446.00,MO,REP,2007
3641195.00,MO,REP,2008
7194689.00,MO,REP,2009
9611225.00,MO,REP,2010
8681738.00,MO,REP,2011
16035757.00,MO,REP,2012
4113710.00,MO,REP,2013
5394418.00,MO,REP,2014
7717899.00,MO,REP,2015
5919561.00,MO,REP,2016
1573807.00,MO,REP,2017
7924.00,MO,UNK,2004
1250.00,MO,UNK,2010
7800.00,MO,UNK,2015
250.00,MO,UNK,2016
500.00,MP,DEM,2003
3000.00,MP,DEM,2004
13150.00,MP,DEM,2005
4400.00,MP,DEM,2006
2450.00,MP,DEM,2007
6200.00,MP,DEM,2008
2000.00,MP,DEM,2009
20860.00,MP,DEM,2010
2925.00,MP,DEM,2011
12481.00,MP,DEM,2012
750.00,MP,DEM,2013
2500.00,MP,DEM,2014
1475.00,MP,DEM,2015
1500.00,MP,DEM,2016
5000.00,MP,DFL,2012
6200.00,MP,DFL,2013
5400.00,MP,DFL,2015
21223.00,MP,IND,2008
1000.00,MP,IND,2009
28993.00,MP,IND,2010
16550.00,MP,IND,2011
13400.00,MP,IND,2012
25850.00,MP,IND,2013
40500.00,MP,IND,2014
4400.00,MP,IND,2015
19700.00,MP,IND,2016
37874.00,MP,OTH,2010
400.00,MP,OTH,2014
7000.00,MP,REP,2004
3500.00,MP,REP,2005
27987.00,MP,REP,2008
500.00,MP,REP,2009
5000.00,MP,REP,2010
2500.00,MP,REP,2011
8800.00,MP,REP,2012
1000.00,MP,REP,2013
500.00,MP,REP,2014
725.00,MP,REP,2015
13500.00,MP,REP,2016
212.00,MS,CON,2016
1000.00,MS,CST,2008
11600.00,MS,CST,2010
670.00,MS,CST,2012
5100.00,MS,DEM,2002
95684.00,MS,DEM,2003
696992.00,MS,DEM,2004
149940.00,MS,DEM,2005
712144.00,MS,DEM,2006
450752.00,MS,DEM,2007
2325215.00,MS,DEM,2008
580318.00,MS,DEM,2009
815613.00,MS,DEM,2010
126884.00,MS,DEM,2011
615272.00,MS,DEM,2012
147504.00,MS,DEM,2013
441094.00,MS,DEM,2014
330548.00,MS,DEM,2015
308505.00,MS,DEM,2016
84787.00,MS,DEM,2017
2000.00,MS,DFL,2007
250.00,MS,DFL,2010
500.00,MS,DFL,2013
1414.00,MS,DFL,2014
625.00,MS,DFL,2016
270.00,MS,GRE,2006
70.00,MS,GRE,2008
10620.00,MS,IND,2010
755.00,MS,IND,2011
14700.00,MS,IND,2012
200.00,MS,IND,2015
1750.00,MS,LIB,2004
1000.00,MS,LIB,2005
500.00,MS,LIB,2006
3550.00,MS,LIB,2012
9922.00,MS,LIB,2014
750.00,MS,LIB,2016
250.00,MS,N/A,2008
2200.00,MS,NNE,2012
1000.00,MS,NNE,2014
1250.00,MS,OTH,2014
93862.00,MS,REP,2003
182463.00,MS,REP,2004
211463.00,MS,REP,2005
985646.00,MS,REP,2006
1349328.00,MS,REP,2007
5954130.00,MS,REP,2008
1248632.00,MS,REP,2009
2255326.00,MS,REP,2010
1562614.00,MS,REP,2011
2791288.00,MS,REP,2012
875493.00,MS,REP,2013
3584245.00,MS,REP,2014
2274701.00,MS,REP,2015
1471153.00,MS,REP,2016
559619.00,MS,REP,2017
1500.00,MS,UNK,2004
4600.00,MS,UNK,2008
7200.00,MS,UNK,2009
2400.00,MS,UNK,2010
10050.00,MS,UNK,2015
29400.00,MT,DEM,2003
190394.00,MT,DEM,2004
332857.00,MT,DEM,2005
1226537.00,MT,DEM,2006
423353.00,MT,DEM,2007
1164771.00,MT,DEM,2008
298443.00,MT,DEM,2009
253629.00,MT,DEM,2010
997578.00,MT,DEM,2011
1736637.00,MT,DEM,2012
442628.00,MT,DEM,2013
1105753.00,MT,DEM,2014
239495.00,MT,DEM,2015
1198434.00,MT,DEM,2016
1066456.00,MT,DEM,2017
500.00,MT,DFL,2006
500.00,MT,DFL,2008
1000.00,MT,DFL,2009
3950.00,MT,DFL,2010
750.00,MT,DFL,2012
3750.00,MT,DFL,2013
2700.00,MT,DFL,2014
100.00,MT,DFL,2015
650.00,MT,DFL,2016
500.00,MT,GRE,2010
750.00,MT,GRE,2012
1250.00,MT,IND,2006
2300.00,MT,IND,2007
550.00,MT,IND,2008
250.00,MT,IND,2010
1250.00,MT,IND,2011
4750.00,MT,IND,2012
750.00,MT,IND,2014
1000.00,MT,IND,2015
4655.00,MT,IND,2016
304.00,MT,IND,2017
1200.00,MT,LIB,2006
1000.00,MT,LIB,2007
500.00,MT,LIB,2008
250.00,MT,LIB,2012
750.00,MT,NNE,2013
250.00,MT,NNE,2014
625.00,MT,OTH,2004
35440.00,MT,REP,2003
110292.00,MT,REP,2004
108707.00,MT,REP,2005
321662.00,MT,REP,2006
198800.00,MT,REP,2007
291269.00,MT,REP,2008
175393.00,MT,REP,2009
780858.00,MT,REP,2010
930559.00,MT,REP,2011
1813010.00,MT,REP,2012
1927053.00,MT,REP,2013
2871492.00,MT,REP,2014
793685.00,MT,REP,2015
730300.00,MT,REP,2016
1612473.00,MT,REP,2017
500.00,MT,UNK,2015
815.00,NA,DEM,2003
2882.00,NA,DEM,2004
81450.00,NA,DEM,2008
36.00,NC,CON,2016
2800.00,NC,CST,2008
2100.00,NC,CST,2010
750.00,NC,DEM,2002
1002604.00,NC,DEM,2003
3206816.00,NC,DEM,2004
994148.00,NC,DEM,2005
2351127.00,NC,DEM,2006
5440060.00,NC,DEM,2007
9009493.00,NC,DEM,2008
1792407.00,NC,DEM,2009
2714829.00,NC,DEM,2010
2305781.00,NC,DEM,2011
6397418.00,NC,DEM,2012
1945426.00,NC,DEM,2013
3494011.00,NC,DEM,2014
1441892.00,NC,DEM,2015
8202474.00,NC,DEM,2016
928270.00,NC,DEM,2017
500.00,NC,DFL,2003
1000.00,NC,DFL,2005
1000.00,NC,DFL,2006
250.00,NC,DFL,2007
4800.00,NC,DFL,2008
5150.00,NC,DFL,2009
5751.00,NC,DFL,2010
2500.00,NC,DFL,2011
5483.00,NC,DFL,2012
9274.00,NC,DFL,2013
34699.00,NC,DFL,2014
200.00,NC,DFL,2015
9469.00,NC,DFL,2016
7585.00,NC,DFL,2017
450.00,NC,GRE,2008
2250.00,NC,GRE,2010
750.00,NC,GRE,2011
3450.00,NC,GRE,2012
950.00,NC,IND,2005
8850.00,NC,IND,2006
250.00,NC,IND,2008
3450.00,NC,IND,2010
6925.00,NC,IND,2011
10450.00,NC,IND,2012
34550.00,NC,IND,2014
2825.00,NC,IND,2015
14057.00,NC,IND,2016
3627.00,NC,IND,2017
500.00,NC,LIB,2003
14450.00,NC,LIB,2004
1000.00,NC,LIB,2005
3100.00,NC,LIB,2006
2750.00,NC,LIB,2007
9982.00,NC,LIB,2008
3570.00,NC,LIB,2009
15941.00,NC,LIB,2010
2600.00,NC,LIB,2011
27895.00,NC,LIB,2012
11650.00,NC,LIB,2014
200.00,NC,LIB,2015
11803.00,NC,LIB,2016
20.00,NC,NNE,2012
1750.00,NC,NNE,2013
1950.00,NC,NNE,2014
500.00,NC,NPA,2016
3833.00,NC,OTH,2004
100.00,NC,OTH,2011
1275.00,NC,OTH,2012
1500.00,NC,OTH,2015
2750.00,NC,OTH,2016
1350.00,NC,OTH,2017
1200.00,NC,REP,1015
1000.00,NC,REP,2000
1806138.00,NC,REP,2003
2912496.00,NC,REP,2004
1625425.00,NC,REP,2005
2409720.00,NC,REP,2006
2883211.00,NC,REP,2007
3896517.00,NC,REP,2008
2820297.00,NC,REP,2009
6611589.00,NC,REP,2010
2951131.00,NC,REP,2011
9500208.00,NC,REP,2012
4072235.00,NC,REP,2013
7403915.00,NC,REP,2014
6112068.00,NC,REP,2015
7609158.00,NC,REP,2016
1323490.00,NC,REP,2017
1500.00,NC,REP,2106
1425.00,NC,UNK,2004
900.00,NC,UNK,2008
1000.00,NC,UNK,2010
3200.00,NC,UNK,2014
10850.00,NC,UNK,2015
4200.00,NC,UNK,2016
500.00,NC,UNK,2017
600.00,ND,CST,2008
44237.00,ND,DEM,2003
87310.00,ND,DEM,2004
61476.00,ND,DEM,2005
118994.00,ND,DEM,2006
51108.00,ND,DEM,2007
245090.00,ND,DEM,2008
82888.00,ND,DEM,2009
196725.00,ND,DEM,2010
221618.00,ND,DEM,2011
856673.00,ND,DEM,2012
54686.00,ND,DEM,2013
540854.00,ND,DEM,2014
57493.00,ND,DEM,2015
162855.00,ND,DEM,2016
129952.00,ND,DEM,2017
2450.00,ND,DFL,2004
1700.00,ND,DFL,2005
3450.00,ND,DFL,2006
36750.00,ND,DFL,2007
6850.00,ND,DFL,2008
5900.00,ND,DFL,2009
3150.00,ND,DFL,2010
4500.00,ND,DFL,2011
13600.00,ND,DFL,2012
11900.00,ND,DFL,2013
32750.00,ND,DFL,2014
4250.00,ND,DFL,2015
2933.00,ND,DFL,2016
4300.00,ND,DFL,2017
400.00,ND,IND,2006
1300.00,ND,IND,2012
6600.00,ND,IND,2014
500.00,ND,IND,2016
250.00,ND,IND,2017
2000.00,ND,LIB,2004
1000.00,ND,LIB,2005
750.00,ND,LIB,2012
1000.00,ND,LIB,2013
3300.00,ND,LIB,2014
1800.00,ND,LIB,2016
5300.00,ND,REP,2003
14000.00,ND,REP,2004
5400.00,ND,REP,2005
138910.00,ND,REP,2006
32191.00,ND,REP,2007
135874.00,ND,REP,2008
19180.00,ND,REP,2009
2324618.00,ND,REP,2010
898063.00,ND,REP,2011
1679967.00,ND,REP,2012
35995.00,ND,REP,2013
257271.00,ND,REP,2014
606345.00,ND,REP,2015
330415.00,ND,REP,2016
14566.00,ND,REP,2017
214.00,NE,CON,2016
139472.00,NE,DEM,2003
712162.00,NE,DEM,2004
400428.00,NE,DEM,2005
1894641.00,NE,DEM,2006
407727.00,NE,DEM,2007
2061644.00,NE,DEM,2008
252051.00,NE,DEM,2009
390292.00,NE,DEM,2010
250985.00,NE,DEM,2011
841478.00,NE,DEM,2012
264992.00,NE,DEM,2013
675379.00,NE,DEM,2014
579917.00,NE,DEM,2015
357730.00,NE,DEM,2016
71604.00,NE,DEM,2017
2600.00,NE,DFL,2005
500.00,NE,DFL,2007
2750.00,NE,DFL,2008
500.00,NE,DFL,2009
7250.00,NE,DFL,2010
1000.00,NE,DFL,2011
4606.00,NE,DFL,2012
2700.00,NE,DFL,2013
10700.00,NE,DFL,2014
250.00,NE,DFL,2015
9270.00,NE,DFL,2016
150.00,NE,DFL,2017
200.00,NE,GRE,2008
3750.00,NE,IND,2005
8100.00,NE,IND,2011
6370.00,NE,IND,2012
11900.00,NE,IND,2013
142998.00,NE,IND,2014
180.00,NE,IND,2015
6273.00,NE,IND,2016
27.00,NE,IND,2017
1350.00,NE,LIB,2008
500.00,NE,LIB,2010
1310.00,NE,LIB,2012
750.00,NE,LIB,2016
200.00,NE,NNE,2014
1000.00,NE,NPA,2004
208.00,NE,OTH,2004
8270.00,NE,OTH,2010
250.00,NE,OTH,2012
8205.00,NE,OTH,2014
25150.00,NE,OTH,2015
56790.00,NE,OTH,2016
168198.00,NE,REP,2003
1005377.00,NE,REP,2004
1044155.00,NE,REP,2005
1431709.00,NE,REP,2006
1215455.00,NE,REP,2007
1383911.00,NE,REP,2008
592456.00,NE,REP,2009
1641368.00,NE,REP,2010
1796855.00,NE,REP,2011
3914118.00,NE,REP,2012
2403275.00,NE,REP,2013
2713334.00,NE,REP,2014
1010926.00,NE,REP,2015
1317896.00,NE,REP,2016
429208.00,NE,REP,2017
200.00,NE,UNK,2008
600.00,NE,UNK,2012
458713.00,NH,DEM,2003
1100656.00,NH,DEM,2004
207796.00,NH,DEM,2005
799364.00,NH,DEM,2006
1582393.00,NH,DEM,2007
2382790.00,NH,DEM,2008
1214830.00,NH,DEM,2009
1772116.00,NH,DEM,2010
923674.00,NH,DEM,2011
1844087.00,NH,DEM,2012
674889.00,NH,DEM,2013
849473.00,NH,DEM,2014
1343302.00,NH,DEM,2015
2894455.00,NH,DEM,2016
426973.00,NH,DEM,2017
250.00,NH,DFL,2008
1385.00,NH,DFL,2010
2750.00,NH,DFL,2011
500.00,NH,DFL,2012
2900.00,NH,DFL,2013
8300.00,NH,DFL,2014
50.00,NH,DFL,2015
150.00,NH,DFL,2016
250.00,NH,GRE,2006
250.00,NH,GRE,2011
750.00,NH,GRE,2012
250.00,NH,GRE,2015
4380.00,NH,IND,2005
18785.00,NH,IND,2006
1500.00,NH,IND,2009
1250.00,NH,IND,2010
4400.00,NH,IND,2011
24550.00,NH,IND,2012
5250.00,NH,IND,2014
27961.00,NH,IND,2015
18904.00,NH,IND,2016
2925.00,NH,IND,2017
5048.00,NH,LIB,2004
400.00,NH,LIB,2005
6100.00,NH,LIB,2006
500.00,NH,LIB,2007
10276.00,NH,LIB,2008
10750.00,NH,LIB,2011
16100.00,NH,LIB,2012
250.00,NH,LIB,2014
602.00,NH,LIB,2016
11.00,NH,NNE,2012
250.00,NH,NNE,2013
700.00,NH,OTH,2004
200.00,NH,OTH,2011
200.00,NH,OTH,2012
250.00,NH,OTH,2015
325.00,NH,OTH,2016
250.00,NH,REP,2000
176731.00,NH,REP,2003
319155.00,NH,REP,2004
162500.00,NH,REP,2005
479179.00,NH,REP,2006
1154213.00,NH,REP,2007
1178875.00,NH,REP,2008
1196050.00,NH,REP,2009
2529189.00,NH,REP,2010
7554376.00,NH,REP,2011
1684286.00,NH,REP,2012
700044.00,NH,REP,2013
2409395.00,NH,REP,2014
1804655.00,NH,REP,2015
3247783.00,NH,REP,2016
202211.00,NH,REP,2017
2600.00,NH,UNK,2014
1000.00,NH,UNK,2015
2500.00,NJ,,2012
900.00,NJ,CON,2008
1000.00,NJ,CST,2005
4320.00,NJ,CST,2008
4785.00,NJ,DEM,2000
5701960.00,NJ,DEM,2003
9318741.00,NJ,DEM,2004
7841675.00,NJ,DEM,2005
14112269.00,NJ,DEM,2006
14206676.00,NJ,DEM,2007
18588665.00,NJ,DEM,2008
5991713.00,NJ,DEM,2009
7430492.00,NJ,DEM,2010
9180541.00,NJ,DEM,2011
14488414.00,NJ,DEM,2012
7523924.00,NJ,DEM,2013
8942512.00,NJ,DEM,2014
5016922.00,NJ,DEM,2015
9470270.00,NJ,DEM,2016
5014784.00,NJ,DEM,2017
9350.00,NJ,DFL,2006
11175.00,NJ,DFL,2007
84488.00,NJ,DFL,2008
12550.00,NJ,DFL,2009
33249.00,NJ,DFL,2010
34775.00,NJ,DFL,2011
31100.00,NJ,DFL,2012
30547.00,NJ,DFL,2013
83647.00,NJ,DFL,2014
49225.00,NJ,DFL,2015
22628.00,NJ,DFL,2016
5197.00,NJ,DFL,2017
500.00,NJ,GRE,2005
201.00,NJ,GRE,2006
5100.00,NJ,GRE,2008
6000.00,NJ,GRE,2012
250.00,NJ,GRE,2015
1062.00,NJ,GRE,2016
5150.00,NJ,IND,2005
40388.00,NJ,IND,2006
122306.00,NJ,IND,2008
1000.00,NJ,IND,2009
2652.00,NJ,IND,2010
24550.00,NJ,IND,2011
78725.00,NJ,IND,2012
500.00,NJ,IND,2013
33151.00,NJ,IND,2014
9226.00,NJ,IND,2015
9383.00,NJ,IND,2016
7146.00,NJ,IND,2017
1800.00,NJ,LIB,2003
14200.00,NJ,LIB,2004
2100.00,NJ,LIB,2005
3350.00,NJ,LIB,2006
6050.00,NJ,LIB,2007
11650.00,NJ,LIB,2008
500.00,NJ,LIB,2009
2000.00,NJ,LIB,2011
17011.00,NJ,LIB,2012
750.00,NJ,LIB,2013
1000.00,NJ,LIB,2014
2900.00,NJ,LIB,2016
71.00,NJ,NNE,2010
510.00,NJ,NNE,2012
550.00,NJ,NNE,2013
8750.00,NJ,NNE,2014
500.00,NJ,NPA,2006
700.00,NJ,OTH,2004
5668.00,NJ,OTH,2010
4925.00,NJ,OTH,2012
1240.00,NJ,OTH,2014
40650.00,NJ,OTH,2015
6450.00,NJ,OTH,2016
1000.00,NJ,PNP,2016
1075.00,NJ,REP,2000
250.00,NJ,REP,2002
1581995.00,NJ,REP,2003
2705774.00,NJ,REP,2004
1811056.00,NJ,REP,2005
5456027.00,NJ,REP,2006
2830121.00,NJ,REP,2007
3911465.00,NJ,REP,2008
1825087.00,NJ,REP,2009
6821982.00,NJ,REP,2010
5798565.00,NJ,REP,2011
10503017.00,NJ,REP,2012
2817140.00,NJ,REP,2013
4210625.00,NJ,REP,2014
8693052.00,NJ,REP,2015
5479271.00,NJ,REP,2016
1134600.00,NJ,REP,2017
1000.00,NJ,UNK,2004
1000.00,NJ,UNK,2008
2250.00,NJ,UNK,2010
1700.00,NJ,UNK,2014
4400.00,NJ,UNK,2015
500.00,NJ,WFP,2011
7650.00,NJ,WFP,2012
10000.00,NJ,WFP,2014
10000.00,NJ,WFP,2015
1750.00,NM,CST,2008
594877.00,NM,DEM,2003
2434344.00,NM,DEM,2004
277536.00,NM,DEM,2005
598520.00,NM,DEM,2006
8619733.00,NM,DEM,2007
11144234.00,NM,DEM,2008
1437697.00,NM,DEM,2009
2466946.00,NM,DEM,2010
2599249.00,NM,DEM,2011
5411354.00,NM,DEM,2012
2416916.00,NM,DEM,2013
2940019.00,NM,DEM,2014
1151959.00,NM,DEM,2015
2344583.00,NM,DEM,2016
1490033.00,NM,DEM,2017
500.00,NM,DFL,2005
1250.00,NM,DFL,2007
1000.00,NM,DFL,2008
500.00,NM,DFL,2009
5850.00,NM,DFL,2010
2000.00,NM,DFL,2011
5100.00,NM,DFL,2012
3400.00,NM,DFL,2013
9864.00,NM,DFL,2014
485.00,NM,DFL,2015
4386.00,NM,DFL,2016
1400.00,NM,DFL,2017
4060.00,NM,GRE,2012
200.00,NM,GRE,2016
2000.00,NM,IAP,2011
1950.00,NM,IAP,2012
3750.00,NM,IND,2005
4550.00,NM,IND,2006
300.00,NM,IND,2009
2500.00,NM,IND,2010
13450.00,NM,IND,2011
10850.00,NM,IND,2012
4200.00,NM,IND,2014
3992.00,NM,IND,2015
4102.00,NM,IND,2016
1537.00,NM,IND,2017
17820.00,NM,LIB,2004
2000.00,NM,LIB,2005
2300.00,NM,LIB,2006
500.00,NM,LIB,2007
6151.00,NM,LIB,2008
69550.00,NM,LIB,2011
39015.00,NM,LIB,2012
957.00,NM,LIB,2013
371.00,NM,LIB,2016
1200.00,NM,NNE,2013
1200.00,NM,NNE,2014
2670.00,NM,NPA,2017
200.00,NM,OTH,2004
295.00,NM,OTH,2010
10.00,NM,OTH,2012
1000.00,NM,OTH,2015
500.00,NM,OTH,2016
947753.00,NM,REP,2003
1796655.00,NM,REP,2004
1126388.00,NM,REP,2005
3016417.00,NM,REP,2006
1760234.00,NM,REP,2007
2657416.00,NM,REP,2008
401508.00,NM,REP,2009
1500187.00,NM,REP,2010
927097.00,NM,REP,2011
1782525.00,NM,REP,2012
200382.00,NM,REP,2013
1790950.00,NM,REP,2014
542992.00,NM,REP,2015
480133.00,NM,REP,2016
97973.00,NM,REP,2017
250.00,NM,UNK,2008
1000.00,NM,UNK,2010
250.00,NM,UNK,2011
1500.00,NM,UNK,2015
250.00,NM,W,2011
5000.00,NM,W,2012
3650.00,NO,DEM,2003
8097.00,NO,DEM,2004
1000.00,NS,DEM,2004
250.00,NS,DEM,2008
400.00,NS,DEM,2015
250.00,NT,DEM,2004
450.00,NT,DEM,2015
3000.00,NV,,2012
2000.00,NV,CON,2006
250.00,NV,CON,2016
2350.00,NV,CST,2008
1449476.00,NV,DEM,2003
1050907.00,NV,DEM,2004
1659958.00,NV,DEM,2005
1968284.00,NV,DEM,2006
4265050.00,NV,DEM,2007
4115637.00,NV,DEM,2008
2565614.00,NV,DEM,2009
2208152.00,NV,DEM,2010
3494661.00,NV,DEM,2011
4281399.00,NV,DEM,2012
970622.00,NV,DEM,2013
1331024.00,NV,DEM,2014
2601078.00,NV,DEM,2015
4230300.00,NV,DEM,2016
709071.00,NV,DEM,2017
4000.00,NV,DFL,2005
7750.00,NV,DFL,2006
12200.00,NV,DFL,2007
13651.00,NV,DFL,2008
1000.00,NV,DFL,2009
6120.00,NV,DFL,2010
5750.00,NV,DFL,2011
7000.00,NV,DFL,2012
17600.00,NV,DFL,2013
16825.00,NV,DFL,2014
5400.00,NV,DFL,2015
8656.00,NV,DFL,2016
10440.00,NV,DFL,2017
500.00,NV,GRE,2006
300.00,NV,GRE,2007
1290.00,NV,GRE,2012
500.00,NV,IND,2005
10804.00,NV,IND,2006
1750.00,NV,IND,2009
4029.00,NV,IND,2010
16950.00,NV,IND,2011
7127.00,NV,IND,2012
1000.00,NV,IND,2013
38450.00,NV,IND,2014
580.00,NV,IND,2015
6162.00,NV,IND,2016
2200.00,NV,IND,2017
1000.00,NV,LIB,2003
29726.00,NV,LIB,2004
5850.00,NV,LIB,2005
25650.00,NV,LIB,2006
3500.00,NV,LIB,2007
30900.00,NV,LIB,2008
4800.00,NV,LIB,2010
7250.00,NV,LIB,2011
13900.00,NV,LIB,2012
500.00,NV,LIB,2014
5000.00,NV,NNE,2012
1000.00,NV,NNE,2013
1250.00,NV,NNE,2014
350.00,NV,OTH,2012
19810.00,NV,OTH,2016
2000.00,NV,PNP,2016
708138.00,NV,REP,2003
1391689.00,NV,REP,2004
2036323.00,NV,REP,2005
4183127.00,NV,REP,2006
2456219.00,NV,REP,2007
1754927.00,NV,REP,2008
1995189.00,NV,REP,2009
6057753.00,NV,REP,2010
3964647.00,NV,REP,2011
6405428.00,NV,REP,2012
1394539.00,NV,REP,2013
3220956.00,NV,REP,2014
5533248.00,NV,REP,2015
4459600.00,NV,REP,2016
1202839.00,NV,REP,2017
4016.00,NV,UNK,2004
750.00,NV,UNK,2014
3500.00,NV,UNK,2015
15800.00,NV,UNK,2016
10800.00,NV,UNK,2017
500.00,NV,W,2009
2800.00,NV,W,2010
500.00,NV,W,2012
750.00,NY,,2012
34125.00,NY,CON,2006
2000.00,NY,CRV,2008
705.00,NY,CST,2008
5050.00,NY,DEM,2000
5000.00,NY,DEM,2002
12117411.00,NY,DEM,2003
26993770.00,NY,DEM,2004
12710924.00,NY,DEM,2005
35739402.00,NY,DEM,2006
57067833.00,NY,DEM,2007
72671057.00,NY,DEM,2008
31359650.00,NY,DEM,2009
33897930.00,NY,DEM,2010
33220941.00,NY,DEM,2011
52806945.00,NY,DEM,2012
19983903.00,NY,DEM,2013
29036258.00,NY,DEM,2014
27490336.00,NY,DEM,2015
42188657.00,NY,DEM,2016
20275086.00,NY,DEM,2017
750.00,NY,DFL,2005
71663.00,NY,DFL,2006
19900.00,NY,DFL,2007
279187.00,NY,DFL,2008
21550.00,NY,DFL,2009
111305.00,NY,DFL,2010
61405.00,NY,DFL,2011
125216.00,NY,DFL,2012
147563.00,NY,DFL,2013
273746.00,NY,DFL,2014
76360.00,NY,DFL,2015
133678.00,NY,DFL,2016
69701.00,NY,DFL,2017
5050.00,NY,FRE,2006
1720.00,NY,GRE,2005
18380.00,NY,GRE,2006
400.00,NY,GRE,2007
11700.00,NY,GRE,2008
250.00,NY,GRE,2010
750.00,NY,GRE,2011
45606.00,NY,GRE,2012
14238.00,NY,GRE,2014
2800.00,NY,GRE,2015
8111.00,NY,GRE,2016
1500.00,NY,GRE,2017
250.00,NY,IND,2003
850.00,NY,IND,2004
62371.00,NY,IND,2005
135154.00,NY,IND,2006
450.00,NY,IND,2007
37100.00,NY,IND,2008
1255.00,NY,IND,2009
27750.00,NY,IND,2010
93180.00,NY,IND,2011
347657.00,NY,IND,2012
244624.00,NY,IND,2014
64811.00,NY,IND,2015
105365.00,NY,IND,2016
119741.00,NY,IND,2017
3800.00,NY,LIB,2003
10825.00,NY,LIB,2004
500.00,NY,LIB,2005
5000.00,NY,LIB,2006
8214.00,NY,LIB,2007
24301.00,NY,LIB,2008
2000.00,NY,LIB,2009
4000.00,NY,LIB,2010
32673.00,NY,LIB,2011
38422.00,NY,LIB,2012
1200.00,NY,LIB,2013
250.00,NY,LIB,2014
8270.00,NY,LIB,2016
2250.00,NY,N/A,2016
500.00,NY,NNE,2010
1000.00,NY,NNE,2011
3085.00,NY,NNE,2012
6470.00,NY,NNE,2013
53981.00,NY,NNE,2014
1000.00,NY,NNE,2016
750.00,NY,NPA,2006
25.00,NY,NPA,2010
1000.00,NY,NPA,2016
12950.00,NY,OTH,2004
336702.00,NY,OTH,2012
300.00,NY,OTH,2013
250.00,NY,OTH,2014
428054.00,NY,OTH,2015
249960.00,NY,OTH,2016
500.00,NY,OTH,2017
8800.00,NY,PNP,2016
82950.00,NY,REP,2000
3337598.00,NY,REP,2003
6470839.00,NY,REP,2004
4694613.00,NY,REP,2005
9962811.00,NY,REP,2006
9172453.00,NY,REP,2007
9048362.00,NY,REP,2008
7909972.00,NY,REP,2009
20428724.00,NY,REP,2010
18115560.00,NY,REP,2011
23681775.00,NY,REP,2012
7263787.00,NY,REP,2013
15436155.00,NY,REP,2014
21332901.00,NY,REP,2015
17482169.00,NY,REP,2016
3598181.00,NY,REP,2017
500.00,NY,REP,2023
300.00,NY,SUS,2010
700.00,NY,UNK,2004
8300.00,NY,UNK,2008
50225.00,NY,UNK,2010
1000.00,NY,UNK,2012
8550.00,NY,UNK,2014
25675.00,NY,UNK,2015
800.00,NY,UNK,2016
37149.00,NY,WFP,2011
306303.00,NY,WFP,2012
47249.00,NY,WFP,2015
21998.00,NY,WFP,2016
2250.00,OH,,2008
1000.00,OH,CON,2016
944.00,OH,CST,2008
300.00,OH,CST,2009
5050.00,OH,CST,2010
750.00,OH,DEM,2001
3750.00,OH,DEM,2002
1204227.00,OH,DEM,2003
3676682.00,OH,DEM,2004
1607710.00,OH,DEM,2005
7688813.00,OH,DEM,2006
6291267.00,OH,DEM,2007
9710733.00,OH,DEM,2008
6265780.00,OH,DEM,2009
6350315.00,OH,DEM,2010
6091840.00,OH,DEM,2011
10574704.00,OH,DEM,2012
1836043.00,OH,DEM,2013
2900076.00,OH,DEM,2014
4980559.00,OH,DEM,2015
5819584.00,OH,DEM,2016
3482452.00,OH,DEM,2017
3000.00,OH,DFL,2006
750.00,OH,DFL,2007
22250.00,OH,DFL,2008
550.00,OH,DFL,2009
6100.00,OH,DFL,2010
3800.00,OH,DFL,2011
8450.00,OH,DFL,2012
32654.00,OH,DFL,2013
26854.00,OH,DFL,2014
3250.00,OH,DFL,2015
8366.00,OH,DFL,2016
6810.00,OH,DFL,2017
20.00,OH,GRE,2005
4250.00,OH,GRE,2006
1900.00,OH,GRE,2008
600.00,OH,GRE,2010
5600.00,OH,GRE,2012
1750.00,OH,GRE,2014
250.00,OH,IND,2004
6000.00,OH,IND,2005
33600.00,OH,IND,2006
250.00,OH,IND,2007
1409.00,OH,IND,2009
39485.00,OH,IND,2010
17634.00,OH,IND,2011
28055.00,OH,IND,2012
700.00,OH,IND,2013
3925.00,OH,IND,2014
6033.00,OH,IND,2015
27855.00,OH,IND,2016
4370.00,OH,IND,2017
9200.00,OH,LIB,2003
6562.00,OH,LIB,2004
750.00,OH,LIB,2005
9300.00,OH,LIB,2006
3077.00,OH,LIB,2007
30474.00,OH,LIB,2008
1241.00,OH,LIB,2009
7589.00,OH,LIB,2010
5300.00,OH,LIB,2011
32885.00,OH,LIB,2012
250.00,OH,LIB,2013
600.00,OH,LIB,2016
750.00,OH,LPF,2014
257.00,OH,NNE,2012
700.00,OH,NNE,2014
2100.00,OH,NPA,2006
6800.00,OH,OTH,2004
300.00,OH,OTH,2006
5275.00,OH,OTH,2012
1500.00,OH,OTH,2016
2100.00,OH,REF,2006
2297915.00,OH,REP,2003
4476650.00,OH,REP,2004
3781509.00,OH,REP,2005
5801526.00,OH,REP,2006
5773497.00,OH,REP,2007
5698812.00,OH,REP,2008
6560760.00,OH,REP,2009
10464806.00,OH,REP,2010
8945715.00,OH,REP,2011
15067889.00,OH,REP,2012
6118360.00,OH,REP,2013
6896089.00,OH,REP,2014
9668791.00,OH,REP,2015
8771982.00,OH,REP,2016
2084171.00,OH,REP,2017
200.00,OH,REP,2020
3650.00,OH,SUS,2010
7705.00,OH,UNK,2004
2500.00,OH,UNK,2015
1250.00,OH,UNK,2016
500.00,OH,UNK,2017
500.00,OK,CON,2016
1174.00,OK,CST,2008
398367.00,OK,DEM,2003
553951.00,OK,DEM,2004
257385.00,OK,DEM,2005
686434.00,OK,DEM,2006
1949284.00,OK,DEM,2007
2807656.00,OK,DEM,2008
787334.00,OK,DEM,2009
1067512.00,OK,DEM,2010
582481.00,OK,DEM,2011
2133646.00,OK,DEM,2012
481867.00,OK,DEM,2013
655858.00,OK,DEM,2014
297844.00,OK,DEM,2015
663178.00,OK,DEM,2016
188901.00,OK,DEM,2017
1250.00,OK,DFL,2005
1250.00,OK,DFL,2006
1000.00,OK,DFL,2007
14300.00,OK,DFL,2008
1500.00,OK,DFL,2009
5500.00,OK,DFL,2010
11490.00,OK,DFL,2011
21300.00,OK,DFL,2012
27451.00,OK,DFL,2013
3264.00,OK,DFL,2014
1550.00,OK,DFL,2015
26105.00,OK,DFL,2016
19800.00,OK,DFL,2017
650.00,OK,GRE,2007
500.00,OK,GRE,2012
250.00,OK,GRE,2016
750.00,OK,IND,2005
2350.00,OK,IND,2006
6305.00,OK,IND,2008
2760.00,OK,IND,2010
3320.00,OK,IND,2011
3225.00,OK,IND,2012
29006.00,OK,IND,2014
300.00,OK,IND,2015
12736.00,OK,IND,2016
1277.00,OK,IND,2017
2000.00,OK,LIB,2004
2000.00,OK,LIB,2006
1000.00,OK,LIB,2007
3329.00,OK,LIB,2008
3250.00,OK,LIB,2011
2633.00,OK,LIB,2012
800.00,OK,NNE,2012
2250.00,OK,NNE,2014
2800.00,OK,NPA,2014
544572.00,OK,REP,2003
753152.00,OK,REP,2004
1773645.00,OK,REP,2005
3057812.00,OK,REP,2006
2259253.00,OK,REP,2007
3600852.00,OK,REP,2008
2033098.00,OK,REP,2009
5148253.00,OK,REP,2010
3655286.00,OK,REP,2011
8148636.00,OK,REP,2012
3124721.00,OK,REP,2013
10793881.00,OK,REP,2014
4452938.00,OK,REP,2015
5209088.00,OK,REP,2016
862905.00,OK,REP,2017
500.00,OK,UNK,2008
1377.00,OK,UNK,2012
1800.00,OK,UNK,2014
600.00,OK,UNK,2015
500.00,OK,UNK,2016
4500.00,ON,DEM,2004
300.00,ON,DEM,2008
250.00,ON,DEM,2012
240.00,ON,DEM,2015
375.00,ON,REP,2016
1715.00,OR,,2009
7198.00,OR,,2010
250.00,OR,CST,2008
871115.00,OR,DEM,2003
2210193.00,OR,DEM,2004
630794.00,OR,DEM,2005
888092.00,OR,DEM,2006
2490705.00,OR,DEM,2007
7244021.00,OR,DEM,2008
813204.00,OR,DEM,2009
1938877.00,OR,DEM,2010
2175362.00,OR,DEM,2011
3806795.00,OR,DEM,2012
1269651.00,OR,DEM,2013
1900361.00,OR,DEM,2014
2635159.00,OR,DEM,2015
4325026.00,OR,DEM,2016
1011562.00,OR,DEM,2017
2250.00,OR,DFL,2006
3000.00,OR,DFL,2008
500.00,OR,DFL,2009
6850.00,OR,DFL,2010
2950.00,OR,DFL,2011
7550.00,OR,DFL,2012
21851.00,OR,DFL,2013
24323.00,OR,DFL,2014
2200.00,OR,DFL,2015
4953.00,OR,DFL,2016
5120.00,OR,DFL,2017
500.00,OR,GRE,2006
2400.00,OR,GRE,2007
2750.00,OR,GRE,2008
7000.00,OR,GRE,2012
250.00,OR,GRE,2015
900.00,OR,GRE,2016
1950.00,OR,IND,2005
4000.00,OR,IND,2006
42708.00,OR,IND,2007
12400.00,OR,IND,2008
500.00,OR,IND,2010
13225.00,OR,IND,2011
10752.00,OR,IND,2012
200.00,OR,IND,2013
2555.00,OR,IND,2014
7820.00,OR,IND,2015
15524.00,OR,IND,2016
7403.00,OR,IND,2017
7150.00,OR,LIB,2004
10550.00,OR,LIB,2006
5889.00,OR,LIB,2007
6167.00,OR,LIB,2008
18133.00,OR,LIB,2010
2250.00,OR,LIB,2011
12650.00,OR,LIB,2012
1850.00,OR,NNE,2011
2388.00,OR,NNE,2012
1222.00,OR,NNE,2013
5775.00,OR,NNE,2014
5190.00,OR,OTH,2004
7100.00,OR,OTH,2010
100.00,OR,OTH,2011
3020.00,OR,OTH,2012
1990.00,OR,OTH,2014
3100.00,OR,OTH,2016
1012696.00,OR,REP,2003
1838319.00,OR,REP,2004
344645.00,OR,REP,2005
975167.00,OR,REP,2006
1061735.00,OR,REP,2007
1094436.00,OR,REP,2008
942150.00,OR,REP,2009
3001691.00,OR,REP,2010
2932842.00,OR,REP,2011
2325483.00,OR,REP,2012
942529.00,OR,REP,2013
2019765.00,OR,REP,2014
1368417.00,OR,REP,2015
1410819.00,OR,REP,2016
271957.00,OR,REP,2017
1350.00,OR,UNK,2004
100.00,OR,UNK,2005
15000.00,OR,UNK,2010
250.00,OR,UNK,2012
3100.00,OR,UNK,2014
13725.00,OR,UNK,2015
2000.00,OT,DEM,2003
1300.00,PA,CON,2006
526.00,PA,CON,2016
1100.00,PA,CST,2005
2550.00,PA,CST,2008
25.00,PA,DEM,1216
1500.00,PA,DEM,2000
3451249.00,PA,DEM,2003
8447448.00,PA,DEM,2004
3197076.00,PA,DEM,2005
8276106.00,PA,DEM,2006
9373424.00,PA,DEM,2007
19272009.00,PA,DEM,2008
8074904.00,PA,DEM,2009
12178763.00,PA,DEM,2010
6946956.00,PA,DEM,2011
14266146.00,PA,DEM,2012
4414664.00,PA,DEM,2013
4958158.00,PA,DEM,2014
7231229.00,PA,DEM,2015
13816185.00,PA,DEM,2016
3844176.00,PA,DEM,2017
500.00,PA,DEM,2021
4500.00,PA,DFL,2006
2000.00,PA,DFL,2007
6150.00,PA,DFL,2008
13300.00,PA,DFL,2009
27925.00,PA,DFL,2010
29001.00,PA,DFL,2011
17321.00,PA,DFL,2012
26350.00,PA,DFL,2013
62866.00,PA,DFL,2014
41285.00,PA,DFL,2015
25060.00,PA,DFL,2016
6700.00,PA,DFL,2017
2500.00,PA,GRE,2005
4527.00,PA,GRE,2006
1700.00,PA,GRE,2008
9600.00,PA,GRE,2012
200.00,PA,GRE,2013
700.00,PA,GRE,2016
938.00,PA,IAP,2009
500.00,PA,IND,2003
16096.00,PA,IND,2004
9568.00,PA,IND,2005
37791.00,PA,IND,2006
1534.00,PA,IND,2007
2600.00,PA,IND,2008
5069.00,PA,IND,2009
18325.00,PA,IND,2010
12560.00,PA,IND,2011
46343.00,PA,IND,2012
845.00,PA,IND,2013
58382.00,PA,IND,2014
21945.00,PA,IND,2015
15951.00,PA,IND,2016
11677.00,PA,IND,2017
2200.00,PA,LIB,2003
13070.00,PA,LIB,2004
3500.00,PA,LIB,2005
4050.00,PA,LIB,2006
2550.00,PA,LIB,2007
9118.00,PA,LIB,2008
1263.00,PA,LIB,2010
10000.00,PA,LIB,2011
19362.00,PA,LIB,2012
1300.00,PA,LIB,2014
4818.00,PA,LIB,2016
510.00,PA,LIB,2017
250.00,PA,N/A,2008
4950.00,PA,NNE,2008
500.00,PA,NNE,2012
2200.00,PA,NNE,2013
4000.00,PA,NNE,2014
1000.00,PA,NPA,2010
2663.00,PA,OTH,2004
200.00,PA,OTH,2011
28840.00,PA,OTH,2012
8225.00,PA,OTH,2015
7083.00,PA,OTH,2016
1250.00,PA,PNP,2016
2150.00,PA,Rep,2003
1850.00,PA,Rep,2004
1000.00,PA,REP,1916
250.00,PA,REP,2002
2932859.00,PA,REP,2003
4167895.00,PA,REP,2004
2780792.00,PA,REP,2005
5083660.00,PA,REP,2006
3416733.00,PA,REP,2007
6615546.00,PA,REP,2008
4911903.00,PA,REP,2009
15278606.00,PA,REP,2010
7585973.00,PA,REP,2011
35386912.00,PA,REP,2012
6424218.00,PA,REP,2013
8007485.00,PA,REP,2014
9293177.00,PA,REP,2015
10682809.00,PA,REP,2016
2579914.00,PA,REP,2017
200.00,PA,REP,2106
35.00,PA,REP,3016
8774.00,PA,UNK,2004
500.00,PA,UNK,2008
3400.00,PA,UNK,2010
750.00,PA,UNK,2014
4150.00,PA,UNK,2015
6150.00,PA,UNK,2016
2700.00,PA,UNK,2017
250.00,PA,W,2011
1500.00,PA,WFP,2015
250.00,PE,DEM,2008
750.00,PH,DEM,2004
1000.00,PO,DEM,2004
753891.00,PR,DEM,2003
641912.00,PR,DEM,2004
337600.00,PR,DEM,2005
435225.00,PR,DEM,2006
977679.00,PR,DEM,2007
2008721.00,PR,DEM,2008
292930.00,PR,DEM,2009
651767.00,PR,DEM,2010
809121.00,PR,DEM,2011
2012101.00,PR,DEM,2012
530535.00,PR,DEM,2013
518498.00,PR,DEM,2014
159143.00,PR,DEM,2015
702909.00,PR,DEM,2016
25425.00,PR,DEM,2017
100.00,PR,DFL,2017
3800.00,PR,IND,2008
300.00,PR,LIB,2007
19850.00,PR,OTH,2014
38200.00,PR,OTH,2015
308694.00,PR,OTH,2016
95100.00,PR,PNP,2015
664847.00,PR,PNP,2016
13100.00,PR,PNP,2017
6350.00,PR,REP,2002
40942.00,PR,REP,2003
153725.00,PR,REP,2004
155096.00,PR,REP,2005
409175.00,PR,REP,2006
115570.00,PR,REP,2007
26650.00,PR,REP,2008
46426.00,PR,REP,2009
160920.00,PR,REP,2010
218718.00,PR,REP,2011
185399.00,PR,REP,2012
56915.00,PR,REP,2013
144052.00,PR,REP,2014
256867.00,PR,REP,2015
60157.00,PR,REP,2016
135500.00,PR,REP,2017
1000.00,PW,DEM,2017
250.00,QC,DEM,2003
1400.00,QC,DEM,2004
260.00,QC,DEM,2015
750.00,QU,DEM,2003
600.00,QU,DEM,2004
200.00,RI,CST,2008
593039.00,RI,DEM,2003
841222.00,RI,DEM,2004
718121.00,RI,DEM,2005
1476502.00,RI,DEM,2006
2167119.00,RI,DEM,2007
1742034.00,RI,DEM,2008
713517.00,RI,DEM,2009
1886044.00,RI,DEM,2010
1110019.00,RI,DEM,2011
1792193.00,RI,DEM,2012
1683066.00,RI,DEM,2013
991363.00,RI,DEM,2014
999195.00,RI,DEM,2015
1519678.00,RI,DEM,2016
835851.00,RI,DEM,2017
1000.00,RI,DFL,2006
2000.00,RI,DFL,2007
1000.00,RI,DFL,2011
1000.00,RI,DFL,2012
1400.00,RI,DFL,2013
6200.00,RI,DFL,2014
250.00,RI,DFL,2015
1745.00,RI,DFL,2016
300.00,RI,DFL,2017
500.00,RI,GRE,2008
750.00,RI,GRE,2012
2450.00,RI,IND,2005
4850.00,RI,IND,2006
300.00,RI,IND,2007
4000.00,RI,IND,2010
7225.00,RI,IND,2011
6975.00,RI,IND,2012
1750.00,RI,IND,2014
4450.00,RI,IND,2015
2450.00,RI,IND,2017
1900.00,RI,LIB,2004
200.00,RI,LIB,2006
3200.00,RI,LIB,2012
31.00,RI,LIB,2016
950.00,RI,NNE,2014
2170.00,RI,OTH,2004
75.00,RI,OTH,2012
800.00,RI,OTH,2015
10096.00,RI,OTH,2016
2500.00,RI,PNP,2015
44100.00,RI,REP,2003
60312.00,RI,REP,2004
401368.00,RI,REP,2005
607520.00,RI,REP,2006
180547.00,RI,REP,2007
156599.00,RI,REP,2008
72495.00,RI,REP,2009
546387.00,RI,REP,2010
694048.00,RI,REP,2011
1253716.00,RI,REP,2012
98015.00,RI,REP,2013
276225.00,RI,REP,2014
226121.00,RI,REP,2015
182513.00,RI,REP,2016
116926.00,RI,REP,2017
850.00,RI,UNK,2015
980.00,SC,AMP,2016
536.00,SC,CIT,2010
80382.00,SC,CON,2010
3801.00,SC,CST,2008
291953.00,SC,DEM,2003
630677.00,SC,DEM,2004
240840.00,SC,DEM,2005
823874.00,SC,DEM,2006
1491925.00,SC,DEM,2007
2545155.00,SC,DEM,2008
630432.00,SC,DEM,2009
1409530.00,SC,DEM,2010
734393.00,SC,DEM,2011
2099134.00,SC,DEM,2012
1103030.00,SC,DEM,2013
828475.00,SC,DEM,2014
320406.00,SC,DEM,2015
1272950.00,SC,DEM,2016
379870.00,SC,DEM,2017
1000.00,SC,DFL,2005
9850.00,SC,DFL,2009
7600.00,SC,DFL,2010
250.00,SC,DFL,2011
2500.00,SC,DFL,2012
8550.00,SC,DFL,2013
3550.00,SC,DFL,2014
350.00,SC,DFL,2015
2400.00,SC,DFL,2016
100.00,SC,DFL,2017
24686.00,SC,GRE,2010
2925.00,SC,GRE,2012
1150.00,SC,IND,2005
2750.00,SC,IND,2006
1000.00,SC,IND,2010
2300.00,SC,IND,2011
15950.00,SC,IND,2012
1250.00,SC,IND,2014
8970.00,SC,IND,2016
100.00,SC,IND,2017
3050.00,SC,LIB,2004
1250.00,SC,LIB,2005
17890.00,SC,LIB,2006
15000.00,SC,LIB,2008
701.00,SC,LIB,2011
5850.00,SC,LIB,2012
5200.00,SC,LIB,2014
500.00,SC,LIB,2016
250.00,SC,NNE,2010
2000.00,SC,NNE,2013
250.00,SC,NPA,2010
100.00,SC,OTH,2012
8700.00,SC,OTH,2014
500.00,SC,OTH,2015
1000.00,SC,OTH,2017
1000.00,SC,PNP,2016
2311931.00,SC,REP,2003
3655084.00,SC,REP,2004
2281860.00,SC,REP,2005
2526212.00,SC,REP,2006
3437883.00,SC,REP,2007
2301174.00,SC,REP,2008
1964327.00,SC,REP,2009
3561776.00,SC,REP,2010
2167537.00,SC,REP,2011
4732761.00,SC,REP,2012
3441788.00,SC,REP,2013
3580255.00,SC,REP,2014
4769292.00,SC,REP,2015
3185818.00,SC,REP,2016
1810069.00,SC,REP,2017
18935.00,SC,UNK,2010
1900.00,SC,UNK,2015
5400.00,SC,UNK,2016
2700.00,SC,UNK,2017
265.00,SD,CST,2008
101800.00,SD,DEM,2003
553722.00,SD,DEM,2004
172152.00,SD,DEM,2005
286851.00,SD,DEM,2006
501884.00,SD,DEM,2007
971804.00,SD,DEM,2008
135324.00,SD,DEM,2009
435891.00,SD,DEM,2010
249009.00,SD,DEM,2011
592352.00,SD,DEM,2012
122869.00,SD,DEM,2013
270492.00,SD,DEM,2014
105583.00,SD,DEM,2015
372383.00,SD,DEM,2016
66133.00,SD,DEM,2017
600.00,SD,DFL,2004
1000.00,SD,DFL,2005
2500.00,SD,DFL,2006
7850.00,SD,DFL,2007
11000.00,SD,DFL,2008
4000.00,SD,DFL,2009
5000.00,SD,DFL,2010
1500.00,SD,DFL,2011
1750.00,SD,DFL,2012
10900.00,SD,DFL,2013
2450.00,SD,DFL,2014
750.00,SD,DFL,2015
600.00,SD,DFL,2016
500.00,SD,IND,2006
2174.00,SD,IND,2010
1100.00,SD,IND,2011
250.00,SD,IND,2012
18230.00,SD,IND,2014
675.00,SD,IND,2016
500.00,SD,IND,2017
2250.00,SD,LIB,2004
1000.00,SD,LIB,2005
750.00,SD,LIB,2006
4513.00,SD,LIB,2008
5750.00,SD,LIB,2012
144200.00,SD,REP,2003
929939.00,SD,REP,2004
31356.00,SD,REP,2005
186447.00,SD,REP,2006
411150.00,SD,REP,2007
884966.00,SD,REP,2008
320895.00,SD,REP,2009
1747319.00,SD,REP,2010
914456.00,SD,REP,2011
1664324.00,SD,REP,2012
1628534.00,SD,REP,2013
1458424.00,SD,REP,2014
788117.00,SD,REP,2015
855013.00,SD,REP,2016
514147.00,SD,REP,2017
700.00,SD,UNK,2004
300.00,SD,UNK,2015
500.00,SH,DEM,2004
1000.00,SP,DEM,2003
720.00,SW,DEM,2004
200.00,SW,DEM,2008
750.00,TA,DEM,2003
250.00,TA,DEM,2004
50.00,TE,REP,2016
3922.00,TN,CON,2016
3750.00,TN,CST,2008
934698.00,TN,DEM,2003
2158041.00,TN,DEM,2004
2348894.00,TN,DEM,2005
6206875.00,TN,DEM,2006
1848735.00,TN,DEM,2007
4346566.00,TN,DEM,2008
1286540.00,TN,DEM,2009
2269253.00,TN,DEM,2010
1036488.00,TN,DEM,2011
2852968.00,TN,DEM,2012
658421.00,TN,DEM,2013
3625561.00,TN,DEM,2014
608916.00,TN,DEM,2015
1875049.00,TN,DEM,2016
987636.00,TN,DEM,2017
400.00,TN,DEM,2022
4000.00,TN,DFL,2006
500.00,TN,DFL,2007
250.00,TN,DFL,2008
1450.00,TN,DFL,2009
3500.00,TN,DFL,2010
1425.00,TN,DFL,2011
750.00,TN,DFL,2012
3964.00,TN,DFL,2013
22451.00,TN,DFL,2014
5710.00,TN,DFL,2015
1370.00,TN,DFL,2016
1275.00,TN,DFL,2017
200.00,TN,GRE,2008
2928.00,TN,GRE,2012
175.00,TN,GRE,2016
2100.00,TN,IND,2005
48666.00,TN,IND,2006
599.00,TN,IND,2008
3018.00,TN,IND,2009
39375.00,TN,IND,2010
8041.00,TN,IND,2011
24568.00,TN,IND,2012
500.00,TN,IND,2013
3952.00,TN,IND,2014
8695.00,TN,IND,2015
8034.00,TN,IND,2016
1312.00,TN,IND,2017
11250.00,TN,LIB,2004
7360.00,TN,LIB,2006
2000.00,TN,LIB,2007
11850.00,TN,LIB,2008
250.00,TN,LIB,2011
4469.00,TN,LIB,2012
1000.00,TN,LPF,2014
300.00,TN,NNE,2012
250.00,TN,NNE,2014
720.00,TN,NPA,2004
500.00,TN,NPA,2010
1000.00,TN,OTH,2004
50.00,TN,OTH,2012
4500.00,TN,OTH,2015
3700.00,TN,OTH,2016
200.00,TN,REP,2002
341720.00,TN,REP,2003
666401.00,TN,REP,2004
889073.00,TN,REP,2005
2491650.00,TN,REP,2006
1886537.00,TN,REP,2007
2941578.00,TN,REP,2008
2633401.00,TN,REP,2009
7986721.00,TN,REP,2010
8901753.00,TN,REP,2011
8866853.00,TN,REP,2012
3071640.00,TN,REP,2013
3770808.00,TN,REP,2014
5002291.00,TN,REP,2015
5472742.00,TN,REP,2016
1005666.00,TN,REP,2017
1000.00,TN,UNI,2006
2217.00,TN,UNK,2004
750.00,TN,UNK,2008
2500.00,TN,UNK,2012
500.00,TN,UNK,2014
3100.00,TN,UNK,2015
1000.00,TN,UNK,2016
1000.00,TO,DEM,2003
1230.00,TX,CON,2016
5000.00,TX,CST,2005
900.00,TX,CST,2006
5113.00,TX,CST,2008
1100.00,TX,CST,2009
1080.00,TX,DEM,2000
3189847.00,TX,DEM,2003
9818040.00,TX,DEM,2004
3751149.00,TX,DEM,2005
8226502.00,TX,DEM,2006
21943260.00,TX,DEM,2007
26846462.00,TX,DEM,2008
14719737.00,TX,DEM,2009
8161033.00,TX,DEM,2010
9812383.00,TX,DEM,2011
17937459.00,TX,DEM,2012
6022851.00,TX,DEM,2013
11978574.00,TX,DEM,2014
6525279.00,TX,DEM,2015
11568667.00,TX,DEM,2016
7532109.00,TX,DEM,2017
23.00,TX,DEM,2018
2000.00,TX,DFL,2004
1000.00,TX,DFL,2005
12400.00,TX,DFL,2006
39750.00,TX,DFL,2007
72601.00,TX,DFL,2008
12300.00,TX,DFL,2009
76335.00,TX,DFL,2010
46011.00,TX,DFL,2011
94275.00,TX,DFL,2012
136838.00,TX,DFL,2013
118043.00,TX,DFL,2014
38115.00,TX,DFL,2015
48389.00,TX,DFL,2016
29328.00,TX,DFL,2017
2000.00,TX,GRE,2005
5700.00,TX,GRE,2006
3400.00,TX,GRE,2007
4916.00,TX,GRE,2008
8650.00,TX,GRE,2012
550.00,TX,GRE,2016
1334.00,TX,GRE,2017
34350.00,TX,IND,2005
28415.00,TX,IND,2006
2300.00,TX,IND,2008
1008.00,TX,IND,2009
9466.00,TX,IND,2010
27825.00,TX,IND,2011
105722.00,TX,IND,2012
500.00,TX,IND,2013
53938.00,TX,IND,2014
30000.00,TX,IND,2015
115398.00,TX,IND,2016
7700.00,TX,IND,2017
3618.00,TX,LIB,2003
40766.00,TX,LIB,2004
10150.00,TX,LIB,2005
58453.00,TX,LIB,2006
6249.00,TX,LIB,2007
77877.00,TX,LIB,2008
5254.00,TX,LIB,2009
17588.00,TX,LIB,2010
48198.00,TX,LIB,2011
88947.00,TX,LIB,2012
156.00,TX,LIB,2013
1650.00,TX,LIB,2014
2402.00,TX,LIB,2016
500.00,TX,NNE,2008
1537.00,TX,NNE,2010
353.00,TX,NNE,2011
2855.00,TX,NNE,2012
11821.00,TX,NNE,2013
12750.00,TX,NNE,2014
985.00,TX,NNE,2016
7400.00,TX,NPA,2016
500.00,TX,OTH,2003
16275.00,TX,OTH,2004
2700.00,TX,OTH,2008
200.00,TX,OTH,2011
3200.00,TX,OTH,2012
19450.00,TX,OTH,2015
1350.00,TX,OTH,2016
500.00,TX,PNP,2016
1750.00,TX,REP,2002
6558734.00,TX,REP,2003
9646038.00,TX,REP,2004
8770070.00,TX,REP,2005
14686478.00,TX,REP,2006
17542218.00,TX,REP,2007
16898407.00,TX,REP,2008
11821124.00,TX,REP,2009
21837122.00,TX,REP,2010
44182986.00,TX,REP,2011
83598445.00,TX,REP,2012
15591121.00,TX,REP,2013
21574637.00,TX,REP,2014
43472652.00,TX,REP,2015
31700009.00,TX,REP,2016
7315250.00,TX,REP,2017
1000.00,TX,UNI,2006
4465.00,TX,UNK,2004
500.00,TX,UNK,2005
3125.00,TX,UNK,2007
32983.00,TX,UNK,2008
3804.00,TX,UNK,2012
350.00,TX,UNK,2013
3500.00,TX,UNK,2014
27975.00,TX,UNK,2015
3520.00,TX,UNK,2016
250.00,TX,W,2010
2450.00,TX,W,2011
1500.00,TX,WFP,2012
195.00,U*,REP,2016
1750.00,UK,DEM,2003
31333.00,UK,DEM,2004
5600.00,UK,DEM,2008
325.00,UK,REP,2015
13320.00,UT,CON,2006
2500.00,UT,CON,2008
4720.00,UT,CON,2016
3687.00,UT,CST,2006
6949.00,UT,CST,2008
1850.00,UT,DEM,2002
247522.00,UT,DEM,2003
575316.00,UT,DEM,2004
175279.00,UT,DEM,2005
459827.00,UT,DEM,2006
1167102.00,UT,DEM,2007
1383270.00,UT,DEM,2008
360375.00,UT,DEM,2009
493549.00,UT,DEM,2010
412041.00,UT,DEM,2011
1384982.00,UT,DEM,2012
415577.00,UT,DEM,2013
1163037.00,UT,DEM,2014
398537.00,UT,DEM,2015
1020876.00,UT,DEM,2016
313201.00,UT,DEM,2017
3700.00,UT,DFL,2008
250.00,UT,DFL,2009
3250.00,UT,DFL,2010
550.00,UT,DFL,2011
550.00,UT,DFL,2012
4000.00,UT,DFL,2013
2500.00,UT,DFL,2014
3050.00,UT,DFL,2016
33.00,UT,GRE,2012
300.00,UT,IAP,2012
729.00,UT,IND,2006
2651.00,UT,IND,2009
2992.00,UT,IND,2010
1604.00,UT,IND,2011
10500.00,UT,IND,2012
19250.00,UT,IND,2014
500.00,UT,IND,2015
132842.00,UT,IND,2016
1250.00,UT,IND,2017
500.00,UT,LIB,2006
250.00,UT,LIB,2007
6800.00,UT,LIB,2008
2400.00,UT,LIB,2009
3900.00,UT,LIB,2010
2400.00,UT,LIB,2011
11956.00,UT,LIB,2012
7800.00,UT,NNE,2013
950.00,UT,NNE,2014
13756.00,UT,NPA,2014
3250.00,UT,NPA,2016
32414.00,UT,OTH,2010
60.00,UT,OTH,2011
25.00,UT,OTH,2012
2700.00,UT,OTH,2015
429490.00,UT,REP,2003
799750.00,UT,REP,2004
419800.00,UT,REP,2005
1383822.00,UT,REP,2006
6105325.00,UT,REP,2007
1724974.00,UT,REP,2008
615093.00,UT,REP,2009
1909233.00,UT,REP,2010
3946612.00,UT,REP,2011
5124541.00,UT,REP,2012
423824.00,UT,REP,2013
1037515.00,UT,REP,2014
1627409.00,UT,REP,2015
1812645.00,UT,REP,2016
672437.00,UT,REP,2017
1100.00,UT,UNK,2004
4544.00,UT,UNK,2006
1000.00,UT,UNK,2008
500.00,UT,UNK,2016
25.00,VA,CON,2012
250.00,VA,CON,2016
1687.00,VA,CST,2008
2600.00,VA,DEM,2002
3379901.00,VA,DEM,2003
8417068.00,VA,DEM,2004
3208567.00,VA,DEM,2005
8458305.00,VA,DEM,2006
12543868.00,VA,DEM,2007
22684769.00,VA,DEM,2008
6692654.00,VA,DEM,2009
9043303.00,VA,DEM,2010
8165884.00,VA,DEM,2011
17319451.00,VA,DEM,2012
4753692.00,VA,DEM,2013
8307516.00,VA,DEM,2014
6111696.00,VA,DEM,2015
9983136.00,VA,DEM,2016
3985271.00,VA,DEM,2017
1050.00,VA,DFL,2003
250.00,VA,DFL,2004
1650.00,VA,DFL,2005
66985.00,VA,DFL,2006
34350.00,VA,DFL,2007
63653.00,VA,DFL,2008
10350.00,VA,DFL,2009
37250.00,VA,DFL,2010
21550.00,VA,DFL,2011
63442.00,VA,DFL,2012
66958.00,VA,DFL,2013
55603.00,VA,DFL,2014
14842.00,VA,DFL,2015
52508.00,VA,DFL,2016
7810.00,VA,DFL,2017
500.00,VA,GOP,2017
5200.00,VA,GRE,2005
3200.00,VA,GRE,2006
450.00,VA,GRE,2008
9320.00,VA,GRE,2012
1500.00,VA,GRE,2015
530.00,VA,GRE,2016
250.00,VA,IDP,2010
6900.00,VA,IND,2005
49845.00,VA,IND,2006
100.00,VA,IND,2007
8100.00,VA,IND,2008
9550.00,VA,IND,2009
40065.00,VA,IND,2010
24075.00,VA,IND,2011
102602.00,VA,IND,2012
7750.00,VA,IND,2013
25850.00,VA,IND,2014
4775.00,VA,IND,2015
60895.00,VA,IND,2016
27952.00,VA,IND,2017
1100.00,VA,LIB,2003
28119.00,VA,LIB,2004
4350.00,VA,LIB,2005
9904.00,VA,LIB,2006
8420.00,VA,LIB,2007
63755.00,VA,LIB,2008
10580.00,VA,LIB,2010
8750.00,VA,LIB,2011
29079.00,VA,LIB,2012
67857.00,VA,LIB,2014
522.00,VA,LIB,2015
1250.00,VA,LIB,2016
1000.00,VA,LPF,2014
1000.00,VA,NNE,2008
974.00,VA,NNE,2011
2850.00,VA,NNE,2012
3050.00,VA,NNE,2013
2262.00,VA,NNE,2014
970.00,VA,NNE,2016
1000.00,VA,NPA,2004
200.00,VA,NPA,2010
250.00,VA,NPA,2016
400.00,VA,OTH,2004
354.00,VA,OTH,2006
35192.00,VA,OTH,2008
300.00,VA,OTH,2009
9094.00,VA,OTH,2010
28240.00,VA,OTH,2012
400.00,VA,OTH,2014
14400.00,VA,OTH,2015
3170.00,VA,OTH,2016
11750.00,VA,PNP,2016
250.00,VA,REP,2000
3623911.00,VA,REP,2003
5671013.00,VA,REP,2004
5404421.00,VA,REP,2005
9993430.00,VA,REP,2006
8393426.00,VA,REP,2007
9081359.00,VA,REP,2008
5910865.00,VA,REP,2009
13211977.00,VA,REP,2010
10286996.00,VA,REP,2011
16379429.00,VA,REP,2012
7412125.00,VA,REP,2013
15379393.00,VA,REP,2014
13916149.00,VA,REP,2015
13551252.00,VA,REP,2016
3983492.00,VA,REP,2017
8150.00,VA,UNK,2004
300.00,VA,UNK,2008
250.00,VA,UNK,2009
2500.00,VA,UNK,2010
250.00,VA,UNK,2013
18675.00,VA,UNK,2014
72180.00,VA,UNK,2015
6500.00,VA,UNK,2016
5500.00,VA,UNK,2017
500.00,VA,W,2009
3400.00,VA,W,2010
250.00,VA,WFP,2012
9250.00,VI,DEM,2003
63200.00,VI,DEM,2004
14900.00,VI,DEM,2005
121650.00,VI,DEM,2006
258811.00,VI,DEM,2007
377062.00,VI,DEM,2008
32000.00,VI,DEM,2009
180950.00,VI,DEM,2010
93287.00,VI,DEM,2011
170891.00,VI,DEM,2012
90268.00,VI,DEM,2013
162307.00,VI,DEM,2014
98252.00,VI,DEM,2015
166556.00,VI,DEM,2016
41811.00,VI,DEM,2017
250.00,VI,DFL,2012
4495.00,VI,GRE,2010
400.00,VI,IND,2006
7150.00,VI,IND,2010
9750.00,VI,IND,2012
2600.00,VI,IND,2014
250.00,VI,IND,2015
1000.00,VI,LIB,2004
249.00,VI,NNE,2014
8450.00,VI,REP,2003
19560.00,VI,REP,2004
71550.00,VI,REP,2005
93850.00,VI,REP,2006
39650.00,VI,REP,2007
42003.00,VI,REP,2008
99950.00,VI,REP,2009
99638.00,VI,REP,2010
95640.00,VI,REP,2011
125800.00,VI,REP,2012
28500.00,VI,REP,2013
13950.00,VI,REP,2014
78968.00,VI,REP,2015
70689.00,VI,REP,2016
6200.00,VI,REP,2017
227.00,VI,UNK,2016
550.00,VT,DEM,2000
1050.00,VT,DEM,2002
891340.00,VT,DEM,2003
609252.00,VT,DEM,2004
226095.00,VT,DEM,2005
608570.00,VT,DEM,2006
877256.00,VT,DEM,2007
1382923.00,VT,DEM,2008
314470.00,VT,DEM,2009
533572.00,VT,DEM,2010
550512.00,VT,DEM,2011
1119766.00,VT,DEM,2012
195991.00,VT,DEM,2013
405616.00,VT,DEM,2014
1099380.00,VT,DEM,2015
2217609.00,VT,DEM,2016
141034.00,VT,DEM,2017
500.00,VT,DFL,2004
750.00,VT,DFL,2006
2300.00,VT,DFL,2008
1100.00,VT,DFL,2009
500.00,VT,DFL,2010
400.00,VT,DFL,2011
2000.00,VT,DFL,2012
3014.00,VT,DFL,2013
7710.00,VT,DFL,2014
838.00,VT,DFL,2016
160.00,VT,DFL,2017
3000.00,VT,GRE,2012
1500.00,VT,GRE,2015
1050.00,VT,GRE,2016
66242.00,VT,IND,2005
254019.00,VT,IND,2006
500.00,VT,IND,2008
1700.00,VT,IND,2009
76034.00,VT,IND,2010
125220.00,VT,IND,2011
63969.00,VT,IND,2012
1500.00,VT,IND,2013
26700.00,VT,IND,2014
38736.00,VT,IND,2015
2525.00,VT,IND,2016
8511.00,VT,IND,2017
750.00,VT,LIB,2004
1200.00,VT,LIB,2006
750.00,VT,LIB,2007
750.00,VT,LIB,2008
700.00,VT,LIB,2011
5500.00,VT,LIB,2012
1300.00,VT,NNE,2013
2600.00,VT,NNE,2014
500.00,VT,OTH,2004
1250.00,VT,OTH,2015
1250.00,VT,OTH,2016
1050.00,VT,PRO,2005
4200.00,VT,REP,2003
49546.00,VT,REP,2004
139977.00,VT,REP,2005
6759256.00,VT,REP,2006
81610.00,VT,REP,2007
75090.00,VT,REP,2008
26870.00,VT,REP,2009
172643.00,VT,REP,2010
87990.00,VT,REP,2011
271160.00,VT,REP,2012
34571.00,VT,REP,2013
123425.00,VT,REP,2014
239055.00,VT,REP,2015
165310.00,VT,REP,2016
27441.00,VT,REP,2017
250.00,VT,UNK,2015
5700.00,WA,CON,2010
832.00,WA,CON,2016
5042.00,WA,CST,2008
2206.00,WA,DEM,2000
500.00,WA,DEM,2002
1649540.00,WA,DEM,2003
5814628.00,WA,DEM,2004
3122293.00,WA,DEM,2005
5996030.00,WA,DEM,2006
6491990.00,WA,DEM,2007
14321689.00,WA,DEM,2008
3305127.00,WA,DEM,2009
5975565.00,WA,DEM,2010
4454294.00,WA,DEM,2011
10881777.00,WA,DEM,2012
2421420.00,WA,DEM,2013
4355055.00,WA,DEM,2014
5298898.00,WA,DEM,2015
11670639.00,WA,DEM,2016
3186677.00,WA,DEM,2017
200.00,WA,DFL,2004
6850.00,WA,DFL,2006
1500.00,WA,DFL,2007
32450.00,WA,DFL,2008
500.00,WA,DFL,2009
14350.00,WA,DFL,2010
5110.00,WA,DFL,2011
17962.00,WA,DFL,2012
43800.00,WA,DFL,2013
42464.00,WA,DFL,2014
7620.00,WA,DFL,2015
14551.00,WA,DFL,2016
9265.00,WA,DFL,2017
31695.00,WA,GRE,2006
1400.00,WA,GRE,2007
8746.00,WA,GRE,2008
1700.00,WA,GRE,2010
500.00,WA,GRE,2011
25090.00,WA,GRE,2012
18478.00,WA,GRE,2014
15550.00,WA,GRE,2015
2734.00,WA,GRE,2016
10850.00,WA,IND,2005
38485.00,WA,IND,2006
3750.00,WA,IND,2008
7010.00,WA,IND,2010
22775.00,WA,IND,2011
48625.00,WA,IND,2012
1000.00,WA,IND,2013
26460.00,WA,IND,2014
11602.00,WA,IND,2015
67672.00,WA,IND,2016
35504.00,WA,IND,2017
200.00,WA,LIB,2003
15350.00,WA,LIB,2004
1700.00,WA,LIB,2005
68454.00,WA,LIB,2006
7138.00,WA,LIB,2007
5041.00,WA,LIB,2008
1900.00,WA,LIB,2010
21100.00,WA,LIB,2011
24073.00,WA,LIB,2012
210.00,WA,LIB,2013
2311.00,WA,LIB,2016
1000.00,WA,LIB,2017
2600.00,WA,LPF,2013
4583.00,WA,NNE,2010
1000.00,WA,NNE,2011
250.00,WA,NNE,2012
6650.00,WA,NNE,2013
3750.00,WA,NNE,2014
7160.00,WA,OTH,2004
200.00,WA,OTH,2006
25.00,WA,OTH,2011
26064.00,WA,OTH,2012
1000.00,WA,OTH,2014
1000.00,WA,OTH,2015
500.00,WA,OTH,2016
1086417.00,WA,REP,2003
2606435.00,WA,REP,2004
2143145.00,WA,REP,2005
5278553.00,WA,REP,2006
2395799.00,WA,REP,2007
2525085.00,WA,REP,2008
1571811.00,WA,REP,2009
9663790.00,WA,REP,2010
3104538.00,WA,REP,2011
6580637.00,WA,REP,2012
1679729.00,WA,REP,2013
3915934.00,WA,REP,2014
3709967.00,WA,REP,2015
4208422.00,WA,REP,2016
714588.00,WA,REP,2017
500.00,WA,UNI,2006
4082.00,WA,UNK,2004
1400.00,WA,UNK,2008
300.00,WA,UNK,2010
1750.00,WA,UNK,2014
12550.00,WA,UNK,2015
2025.00,WA,UNK,2016
1000.00,WA,W,2010
400.00,WA,W,2011
500.00,WE,DEM,2004
750.00,WI,CON,2016
777.00,WI,CST,2008
462.00,WI,CST,2010
629477.00,WI,DEM,2003
2806833.00,WI,DEM,2004
807407.00,WI,DEM,2005
1462718.00,WI,DEM,2006
2172511.00,WI,DEM,2007
4653424.00,WI,DEM,2008
1689117.00,WI,DEM,2009
3632646.00,WI,DEM,2010
2146624.00,WI,DEM,2011
5803411.00,WI,DEM,2012
819077.00,WI,DEM,2013
1176339.00,WI,DEM,2014
1254398.00,WI,DEM,2015
3363618.00,WI,DEM,2016
2152965.00,WI,DEM,2017
10470.00,WI,DFL,2006
22097.00,WI,DFL,2007
17700.00,WI,DFL,2008
18750.00,WI,DFL,2009
14850.00,WI,DFL,2010
14125.00,WI,DFL,2011
22425.00,WI,DFL,2012
21114.00,WI,DFL,2013
26514.00,WI,DFL,2014
7572.00,WI,DFL,2015
11191.00,WI,DFL,2016
3047.00,WI,DFL,2017
800.00,WI,GRE,2005
13903.00,WI,GRE,2006
250.00,WI,GRE,2007
500.00,WI,GRE,2008
2400.00,WI,GRE,2010
11786.00,WI,GRE,2012
1177.00,WI,GRE,2013
3750.00,WI,IND,2005
30360.00,WI,IND,2006
250.00,WI,IND,2007
500.00,WI,IND,2008
749.00,WI,IND,2009
900.00,WI,IND,2010
16864.00,WI,IND,2011
11000.00,WI,IND,2012
7850.00,WI,IND,2014
6685.00,WI,IND,2015
39495.00,WI,IND,2016
10649.00,WI,IND,2017
8750.00,WI,LIB,2004
2500.00,WI,LIB,2006
2250.00,WI,LIB,2007
7500.00,WI,LIB,2008
2400.00,WI,LIB,2010
5435.00,WI,LIB,2012
500.00,WI,LIB,2013
1025.00,WI,LIB,2016
250.00,WI,NNE,2013
250.00,WI,NNE,2014
3003.00,WI,OTH,2004
500.00,WI,OTH,2013
3000.00,WI,OTH,2014
250.00,WI,PNP,2016
589069.00,WI,REP,2003
1117395.00,WI,REP,2004
943503.00,WI,REP,2005
1631107.00,WI,REP,2006
773702.00,WI,REP,2007
1565445.00,WI,REP,2008
1361243.00,WI,REP,2009
10948084.00,WI,REP,2010
2343162.00,WI,REP,2011
13300742.00,WI,REP,2012
2264070.00,WI,REP,2013
4111712.00,WI,REP,2014
6547491.00,WI,REP,2015
10877544.00,WI,REP,2016
1382610.00,WI,REP,2017
5490.00,WI,UNK,2004
1058.00,WI,UNK,2012
275.00,WI,UNK,2013
250.00,WI,UNK,2014
1050.00,WI,UNK,2015
2900.00,WI,UNK,2016
2700.00,WI,UNK,2017
10.00,WV,DEM,2000
58825.00,WV,DEM,2003
620096.00,WV,DEM,2004
482518.00,WV,DEM,2005
1357372.00,WV,DEM,2006
783360.00,WV,DEM,2007
1422024.00,WV,DEM,2008
143555.00,WV,DEM,2009
3213474.00,WV,DEM,2010
445145.00,WV,DEM,2011
1371533.00,WV,DEM,2012
702093.00,WV,DEM,2013
1743082.00,WV,DEM,2014
84866.00,WV,DEM,2015
433100.00,WV,DEM,2016
53364.00,WV,DEM,2017
7150.00,WV,DFL,2008
450.00,WV,DFL,2012
1250.00,WV,DFL,2013
1150.00,WV,DFL,2014
100.00,WV,DFL,2016
95.00,WV,DFL,2017
250.00,WV,GRE,2007
500.00,WV,GRE,2008
250.00,WV,GRE,2012
3250.00,WV,IND,2005
1900.00,WV,IND,2006
250.00,WV,IND,2010
3625.00,WV,IND,2011
66608.00,WV,IND,2012
3532.00,WV,IND,2013
18478.00,WV,IND,2014
210.00,WV,IND,2015
1650.00,WV,IND,2016
1027.00,WV,IND,2017
7700.00,WV,LIB,2004
2495.00,WV,LIB,2006
250.00,WV,LIB,2012
750.00,WV,LIB,2014
3514.00,WV,LIB,2016
5500.00,WV,NNE,2014
3400.00,WV,OTH,2010
500.00,WV,OTH,2012
233650.00,WV,REP,2003
399365.00,WV,REP,2004
244419.00,WV,REP,2005
1848804.00,WV,REP,2006
18377500.00,WV,REP,2007
814826.00,WV,REP,2008
468656.00,WV,REP,2009
5084032.00,WV,REP,2010
1450045.00,WV,REP,2011
3655332.00,WV,REP,2012
2240571.00,WV,REP,2013
2804567.00,WV,REP,2014
1024940.00,WV,REP,2015
992276.00,WV,REP,2016
534580.00,WV,REP,2017
250.00,WV,UNK,2004
250.00,WV,UNK,2008
1000.00,WV,UNK,2014
1000.00,WV,UNK,2015
650.00,WY,CON,2012
500.00,WY,DEM,2002
80830.00,WY,DEM,2003
338326.00,WY,DEM,2004
100450.00,WY,DEM,2005
406736.00,WY,DEM,2006
393968.00,WY,DEM,2007
1116481.00,WY,DEM,2008
74560.00,WY,DEM,2009
233621.00,WY,DEM,2010
211924.00,WY,DEM,2011
517921.00,WY,DEM,2012
99021.00,WY,DEM,2013
248368.00,WY,DEM,2014
171725.00,WY,DEM,2015
431063.00,WY,DEM,2016
81950.00,WY,DEM,2017
1000.00,WY,DFL,2008
2150.00,WY,DFL,2009
1350.00,WY,DFL,2010
250.00,WY,DFL,2011
250.00,WY,DFL,2012
250.00,WY,DFL,2013
1000.00,WY,DFL,2014
100.00,WY,DFL,2016
5400.00,WY,DFL,2017
500.00,WY,GRE,2012
300.00,WY,IND,2005
200.00,WY,IND,2006
211.00,WY,IND,2008
2193.00,WY,IND,2009
1300.00,WY,IND,2010
1750.00,WY,IND,2011
2533.00,WY,IND,2012
1225.00,WY,IND,2014
800.00,WY,IND,2015
1232.00,WY,IND,2016
2100.00,WY,IND,2017
2000.00,WY,LIB,2004
3850.00,WY,LIB,2006
1500.00,WY,LIB,2007
750.00,WY,LIB,2008
250.00,WY,LIB,2011
500.00,WY,LIB,2012
477.00,WY,LIB,2016
30780.00,WY,REP,2003
288787.00,WY,REP,2004
140606.00,WY,REP,2005
497831.00,WY,REP,2006
295752.00,WY,REP,2007
1159857.00,WY,REP,2008
267001.00,WY,REP,2009
859532.00,WY,REP,2010
546821.00,WY,REP,2011
1232612.00,WY,REP,2012
928164.00,WY,REP,2013
1026586.00,WY,REP,2014
746131.00,WY,REP,2015
1230692.00,WY,REP,2016
123182.00,WY,REP,2017
2000.00,WY,UNK,2006
2300.00,WY,UNK,2008
3550.00,WY,UNK,2015
9000.00,WY,UNK,2016
4000.00,WY,UNK,2017
5900.00,XX,REP,2007
2800.00,XX,REP,2008
400.00,XX,REP,2015
100.00,XX,REP,2016
6100.00,ZZ,DEM,2003
295830.00,ZZ,DEM,2004
40915.00,ZZ,DEM,2005
83248.00,ZZ,DEM,2006
243300.00,ZZ,DEM,2007
838747.00,ZZ,DEM,2008
70010.00,ZZ,DEM,2009
163505.00,ZZ,DEM,2010
214000.00,ZZ,DEM,2011
185500.00,ZZ,DEM,2012
16850.00,ZZ,DEM,2013
112075.00,ZZ,DEM,2014
69954.00,ZZ,DEM,2015
1171557.00,ZZ,DEM,2016
23053.00,ZZ,DEM,2017
250.00,ZZ,DFL,2012
1000.00,ZZ,DFL,2014
100.00,ZZ,DFL,2016
500.00,ZZ,GRE,2012
250.00,ZZ,GRE,2014
3619.00,ZZ,IND,2012
8000.00,ZZ,IND,2014
175.00,ZZ,IND,2015
1400.00,ZZ,IND,2017
1800.00,ZZ,LIB,2006
8100.00,ZZ,LIB,2008
250.00,ZZ,LIB,2010
250.00,ZZ,LIB,2011
500.00,ZZ,LIB,2012
250.00,ZZ,LPF,2013
500.00,ZZ,NNE,2008
300.00,ZZ,NPA,2006
1500.00,ZZ,OTH,2004
4750.00,ZZ,REP,2003
29325.00,ZZ,REP,2004
14600.00,ZZ,REP,2005
12850.00,ZZ,REP,2006
3000.00,ZZ,REP,2007
21800.00,ZZ,REP,2008
29000.00,ZZ,REP,2009
100920.00,ZZ,REP,2010
23500.00,ZZ,REP,2011
27400.00,ZZ,REP,2012
43000.00,ZZ,REP,2013
22200.00,ZZ,REP,2014
15950.00,ZZ,REP,2015
6200.00,ZZ,REP,2016
1000.00,ZZ,REP,2017
700.00,ZZ,UNK,2008
250.00,ZZ,UNK,2009
750.00,ZZ,UNK,2010
